"Alkuaika UTC","Lopetusaika UTC","Alkuaika UTC+02:00","Lopetusaika UTC+02:00","Sähköntuotantoennuste - päivittyvä tuntienergiatieto"
"2020-12-31 22:00:00","2020-12-31 23:00:00","2021-01-01 00:00:00","2021-01-01 01:00:00","7336.208778"
"2020-12-31 23:00:00","2021-01-01 00:00:00","2021-01-01 01:00:00","2021-01-01 02:00:00","7205.108122"
"2021-01-01 00:00:00","2021-01-01 01:00:00","2021-01-01 02:00:00","2021-01-01 03:00:00","7066.80157"
"2021-01-01 01:00:00","2021-01-01 02:00:00","2021-01-01 03:00:00","2021-01-01 04:00:00","6977.176273"
"2021-01-01 02:00:00","2021-01-01 03:00:00","2021-01-01 04:00:00","2021-01-01 05:00:00","7080.673363"
"2021-01-01 03:00:00","2021-01-01 04:00:00","2021-01-01 05:00:00","2021-01-01 06:00:00","7040.936675"
"2021-01-01 04:00:00","2021-01-01 05:00:00","2021-01-01 06:00:00","2021-01-01 07:00:00","7097.091397"
"2021-01-01 05:00:00","2021-01-01 06:00:00","2021-01-01 07:00:00","2021-01-01 08:00:00","7231.196011"
"2021-01-01 06:00:00","2021-01-01 07:00:00","2021-01-01 08:00:00","2021-01-01 09:00:00","7386.383069"
"2021-01-01 07:00:00","2021-01-01 08:00:00","2021-01-01 09:00:00","2021-01-01 10:00:00","7397.962147"
"2021-01-01 08:00:00","2021-01-01 09:00:00","2021-01-01 10:00:00","2021-01-01 11:00:00","7495.802978"
"2021-01-01 09:00:00","2021-01-01 10:00:00","2021-01-01 11:00:00","2021-01-01 12:00:00","7633.133373"
"2021-01-01 10:00:00","2021-01-01 11:00:00","2021-01-01 12:00:00","2021-01-01 13:00:00","7584.846445"
"2021-01-01 11:00:00","2021-01-01 12:00:00","2021-01-01 13:00:00","2021-01-01 14:00:00","7586.796983"
"2021-01-01 12:00:00","2021-01-01 13:00:00","2021-01-01 14:00:00","2021-01-01 15:00:00","7663.257423"
"2021-01-01 13:00:00","2021-01-01 14:00:00","2021-01-01 15:00:00","2021-01-01 16:00:00","7778.312816"
"2021-01-01 14:00:00","2021-01-01 15:00:00","2021-01-01 16:00:00","2021-01-01 17:00:00","7917.232544"
"2021-01-01 15:00:00","2021-01-01 16:00:00","2021-01-01 17:00:00","2021-01-01 18:00:00","8126.651938"
"2021-01-01 16:00:00","2021-01-01 17:00:00","2021-01-01 18:00:00","2021-01-01 19:00:00","8171.441064"
"2021-01-01 17:00:00","2021-01-01 18:00:00","2021-01-01 19:00:00","2021-01-01 20:00:00","8039.295688"
"2021-01-01 18:00:00","2021-01-01 19:00:00","2021-01-01 20:00:00","2021-01-01 21:00:00","7963.858277"
"2021-01-01 19:00:00","2021-01-01 20:00:00","2021-01-01 21:00:00","2021-01-01 22:00:00","7575.8806"
"2021-01-01 20:00:00","2021-01-01 21:00:00","2021-01-01 22:00:00","2021-01-01 23:00:00","7482.447761"
"2021-01-01 21:00:00","2021-01-01 22:00:00","2021-01-01 23:00:00","2021-01-02 00:00:00","7337.913931"
"2021-01-01 22:00:00","2021-01-01 23:00:00","2021-01-02 00:00:00","2021-01-02 01:00:00","7122.54074"
"2021-01-01 23:00:00","2021-01-02 00:00:00","2021-01-02 01:00:00","2021-01-02 02:00:00","6930.582541"
"2021-01-02 00:00:00","2021-01-02 01:00:00","2021-01-02 02:00:00","2021-01-02 03:00:00","7002.504944"
"2021-01-02 01:00:00","2021-01-02 02:00:00","2021-01-02 03:00:00","2021-01-02 04:00:00","6897.871535"
"2021-01-02 02:00:00","2021-01-02 03:00:00","2021-01-02 04:00:00","2021-01-02 05:00:00","6883.674306"
"2021-01-02 03:00:00","2021-01-02 04:00:00","2021-01-02 05:00:00","2021-01-02 06:00:00","6994.040972"
"2021-01-02 04:00:00","2021-01-02 05:00:00","2021-01-02 06:00:00","2021-01-02 07:00:00","7199.84323"
"2021-01-02 05:00:00","2021-01-02 06:00:00","2021-01-02 07:00:00","2021-01-02 08:00:00","7178.038818"
"2021-01-02 06:00:00","2021-01-02 07:00:00","2021-01-02 08:00:00","2021-01-02 09:00:00","7421.574628"
"2021-01-02 07:00:00","2021-01-02 08:00:00","2021-01-02 09:00:00","2021-01-02 10:00:00","7516.132975"
"2021-01-02 08:00:00","2021-01-02 09:00:00","2021-01-02 10:00:00","2021-01-02 11:00:00","7550.0003"
"2021-01-02 09:00:00","2021-01-02 10:00:00","2021-01-02 11:00:00","2021-01-02 12:00:00","7688.740695"
"2021-01-02 10:00:00","2021-01-02 11:00:00","2021-01-02 12:00:00","2021-01-02 13:00:00","7854.093229"
"2021-01-02 11:00:00","2021-01-02 12:00:00","2021-01-02 13:00:00","2021-01-02 14:00:00","7939.004785"
"2021-01-02 12:00:00","2021-01-02 13:00:00","2021-01-02 14:00:00","2021-01-02 15:00:00","7990.217103"
"2021-01-02 13:00:00","2021-01-02 14:00:00","2021-01-02 15:00:00","2021-01-02 16:00:00","8147.077626"
"2021-01-02 14:00:00","2021-01-02 15:00:00","2021-01-02 16:00:00","2021-01-02 17:00:00","8382.584962"
"2021-01-02 15:00:00","2021-01-02 16:00:00","2021-01-02 17:00:00","2021-01-02 18:00:00","8696.54083"
"2021-01-02 16:00:00","2021-01-02 17:00:00","2021-01-02 18:00:00","2021-01-02 19:00:00","8689.467969"
"2021-01-02 17:00:00","2021-01-02 18:00:00","2021-01-02 19:00:00","2021-01-02 20:00:00","8637.404149"
"2021-01-02 18:00:00","2021-01-02 19:00:00","2021-01-02 20:00:00","2021-01-02 21:00:00","8205.269524"
"2021-01-02 19:00:00","2021-01-02 20:00:00","2021-01-02 21:00:00","2021-01-02 22:00:00","8194.270598"
"2021-01-02 20:00:00","2021-01-02 21:00:00","2021-01-02 22:00:00","2021-01-02 23:00:00","8072.412654"
"2021-01-02 21:00:00","2021-01-02 22:00:00","2021-01-02 23:00:00","2021-01-03 00:00:00","7921.081362"
"2021-01-02 22:00:00","2021-01-02 23:00:00","2021-01-03 00:00:00","2021-01-03 01:00:00","7729.50444"
"2021-01-02 23:00:00","2021-01-03 00:00:00","2021-01-03 01:00:00","2021-01-03 02:00:00","7767.146962"
"2021-01-03 00:00:00","2021-01-03 01:00:00","2021-01-03 02:00:00","2021-01-03 03:00:00","7851.545398"
"2021-01-03 01:00:00","2021-01-03 02:00:00","2021-01-03 03:00:00","2021-01-03 04:00:00","7815.673336"
"2021-01-03 02:00:00","2021-01-03 03:00:00","2021-01-03 04:00:00","2021-01-03 05:00:00","7786.667916"
"2021-01-03 03:00:00","2021-01-03 04:00:00","2021-01-03 05:00:00","2021-01-03 06:00:00","7885.33833"
"2021-01-03 04:00:00","2021-01-03 05:00:00","2021-01-03 06:00:00","2021-01-03 07:00:00","7958.161284"
"2021-01-03 05:00:00","2021-01-03 06:00:00","2021-01-03 07:00:00","2021-01-03 08:00:00","8115.667664"
"2021-01-03 06:00:00","2021-01-03 07:00:00","2021-01-03 08:00:00","2021-01-03 09:00:00","8140.499988"
"2021-01-03 07:00:00","2021-01-03 08:00:00","2021-01-03 09:00:00","2021-01-03 10:00:00","8287.883257"
"2021-01-03 08:00:00","2021-01-03 09:00:00","2021-01-03 10:00:00","2021-01-03 11:00:00","8341.351091"
"2021-01-03 09:00:00","2021-01-03 10:00:00","2021-01-03 11:00:00","2021-01-03 12:00:00","8315.856033"
"2021-01-03 10:00:00","2021-01-03 11:00:00","2021-01-03 12:00:00","2021-01-03 13:00:00","8489.193649"
"2021-01-03 11:00:00","2021-01-03 12:00:00","2021-01-03 13:00:00","2021-01-03 14:00:00","8492.51891"
"2021-01-03 12:00:00","2021-01-03 13:00:00","2021-01-03 14:00:00","2021-01-03 15:00:00","8457.522603"
"2021-01-03 13:00:00","2021-01-03 14:00:00","2021-01-03 15:00:00","2021-01-03 16:00:00","8403.251576"
"2021-01-03 14:00:00","2021-01-03 15:00:00","2021-01-03 16:00:00","2021-01-03 17:00:00","8500.175349"
"2021-01-03 15:00:00","2021-01-03 16:00:00","2021-01-03 17:00:00","2021-01-03 18:00:00","8499.145519"
"2021-01-03 16:00:00","2021-01-03 17:00:00","2021-01-03 18:00:00","2021-01-03 19:00:00","8475.556004"
"2021-01-03 17:00:00","2021-01-03 18:00:00","2021-01-03 19:00:00","2021-01-03 20:00:00","8408.349661"
"2021-01-03 18:00:00","2021-01-03 19:00:00","2021-01-03 20:00:00","2021-01-03 21:00:00","8163.487803"
"2021-01-03 19:00:00","2021-01-03 20:00:00","2021-01-03 21:00:00","2021-01-03 22:00:00","7899.198282"
"2021-01-03 20:00:00","2021-01-03 21:00:00","2021-01-03 22:00:00","2021-01-03 23:00:00","7885.198322"
"2021-01-03 21:00:00","2021-01-03 22:00:00","2021-01-03 23:00:00","2021-01-04 00:00:00","7580.273047"
"2021-01-03 22:00:00","2021-01-03 23:00:00","2021-01-04 00:00:00","2021-01-04 01:00:00","7691.790669"
"2021-01-03 23:00:00","2021-01-04 00:00:00","2021-01-04 01:00:00","2021-01-04 02:00:00","7459.529826"
"2021-01-04 00:00:00","2021-01-04 01:00:00","2021-01-04 02:00:00","2021-01-04 03:00:00","7446.69762"
"2021-01-04 01:00:00","2021-01-04 02:00:00","2021-01-04 03:00:00","2021-01-04 04:00:00","7436.485611"
"2021-01-04 02:00:00","2021-01-04 03:00:00","2021-01-04 04:00:00","2021-01-04 05:00:00","7504.273453"
"2021-01-04 03:00:00","2021-01-04 04:00:00","2021-01-04 05:00:00","2021-01-04 06:00:00","7564.504807"
"2021-01-04 04:00:00","2021-01-04 05:00:00","2021-01-04 06:00:00","2021-01-04 07:00:00","7887.352451"
"2021-01-04 05:00:00","2021-01-04 06:00:00","2021-01-04 07:00:00","2021-01-04 08:00:00","8218.733438"
"2021-01-04 06:00:00","2021-01-04 07:00:00","2021-01-04 08:00:00","2021-01-04 09:00:00","8678.993307"
"2021-01-04 07:00:00","2021-01-04 08:00:00","2021-01-04 09:00:00","2021-01-04 10:00:00","8997.148919"
"2021-01-04 08:00:00","2021-01-04 09:00:00","2021-01-04 10:00:00","2021-01-04 11:00:00","8823.558769"
"2021-01-04 09:00:00","2021-01-04 10:00:00","2021-01-04 11:00:00","2021-01-04 12:00:00","8877.232954"
"2021-01-04 10:00:00","2021-01-04 11:00:00","2021-01-04 12:00:00","2021-01-04 13:00:00","8979.933383"
"2021-01-04 11:00:00","2021-01-04 12:00:00","2021-01-04 13:00:00","2021-01-04 14:00:00","8880.90483"
"2021-01-04 12:00:00","2021-01-04 13:00:00","2021-01-04 14:00:00","2021-01-04 15:00:00","8942.747305"
"2021-01-04 13:00:00","2021-01-04 14:00:00","2021-01-04 15:00:00","2021-01-04 16:00:00","9048.28787"
"2021-01-04 14:00:00","2021-01-04 15:00:00","2021-01-04 16:00:00","2021-01-04 17:00:00","9149.492685"
"2021-01-04 15:00:00","2021-01-04 16:00:00","2021-01-04 17:00:00","2021-01-04 18:00:00","9191.426491"
"2021-01-04 16:00:00","2021-01-04 17:00:00","2021-01-04 18:00:00","2021-01-04 19:00:00","9173.250929"
"2021-01-04 17:00:00","2021-01-04 18:00:00","2021-01-04 19:00:00","2021-01-04 20:00:00","9096.686691"
"2021-01-04 18:00:00","2021-01-04 19:00:00","2021-01-04 20:00:00","2021-01-04 21:00:00","8833.490811"
"2021-01-04 19:00:00","2021-01-04 20:00:00","2021-01-04 21:00:00","2021-01-04 22:00:00","8389.88504"
"2021-01-04 20:00:00","2021-01-04 21:00:00","2021-01-04 22:00:00","2021-01-04 23:00:00","8360.095228"
"2021-01-04 21:00:00","2021-01-04 22:00:00","2021-01-04 23:00:00","2021-01-05 00:00:00","8077.329029"
"2021-01-04 22:00:00","2021-01-04 23:00:00","2021-01-05 00:00:00","2021-01-05 01:00:00","7608.082335"
"2021-01-04 23:00:00","2021-01-05 00:00:00","2021-01-05 01:00:00","2021-01-05 02:00:00","7373.615794"
"2021-01-05 00:00:00","2021-01-05 01:00:00","2021-01-05 02:00:00","2021-01-05 03:00:00","7217.691691"
"2021-01-05 01:00:00","2021-01-05 02:00:00","2021-01-05 03:00:00","2021-01-05 04:00:00","7238.39613"
"2021-01-05 02:00:00","2021-01-05 03:00:00","2021-01-05 04:00:00","2021-01-05 05:00:00","7247.502891"
"2021-01-05 03:00:00","2021-01-05 04:00:00","2021-01-05 05:00:00","2021-01-05 06:00:00","7336.274271"
"2021-01-05 04:00:00","2021-01-05 05:00:00","2021-01-05 06:00:00","2021-01-05 07:00:00","7742.601242"
"2021-01-05 05:00:00","2021-01-05 06:00:00","2021-01-05 07:00:00","2021-01-05 08:00:00","8335.643839"
"2021-01-05 06:00:00","2021-01-05 07:00:00","2021-01-05 08:00:00","2021-01-05 09:00:00","8755.35503"
"2021-01-05 07:00:00","2021-01-05 08:00:00","2021-01-05 09:00:00","2021-01-05 10:00:00","9055.651292"
"2021-01-05 08:00:00","2021-01-05 09:00:00","2021-01-05 10:00:00","2021-01-05 11:00:00","9131.724669"
"2021-01-05 09:00:00","2021-01-05 10:00:00","2021-01-05 11:00:00","2021-01-05 12:00:00","9151.335861"
"2021-01-05 10:00:00","2021-01-05 11:00:00","2021-01-05 12:00:00","2021-01-05 13:00:00","9109.792927"
"2021-01-05 11:00:00","2021-01-05 12:00:00","2021-01-05 13:00:00","2021-01-05 14:00:00","9053.84953"
"2021-01-05 12:00:00","2021-01-05 13:00:00","2021-01-05 14:00:00","2021-01-05 15:00:00","8941.151104"
"2021-01-05 13:00:00","2021-01-05 14:00:00","2021-01-05 15:00:00","2021-01-05 16:00:00","8970.958445"
"2021-01-05 14:00:00","2021-01-05 15:00:00","2021-01-05 16:00:00","2021-01-05 17:00:00","9076.22453"
"2021-01-05 15:00:00","2021-01-05 16:00:00","2021-01-05 17:00:00","2021-01-05 18:00:00","9145.249191"
"2021-01-05 16:00:00","2021-01-05 17:00:00","2021-01-05 18:00:00","2021-01-05 19:00:00","9159.478147"
"2021-01-05 17:00:00","2021-01-05 18:00:00","2021-01-05 19:00:00","2021-01-05 20:00:00","9087.250637"
"2021-01-05 18:00:00","2021-01-05 19:00:00","2021-01-05 20:00:00","2021-01-05 21:00:00","8811.973998"
"2021-01-05 19:00:00","2021-01-05 20:00:00","2021-01-05 21:00:00","2021-01-05 22:00:00","8605.525914"
"2021-01-05 20:00:00","2021-01-05 21:00:00","2021-01-05 22:00:00","2021-01-05 23:00:00","8396.024335"
"2021-01-05 21:00:00","2021-01-05 22:00:00","2021-01-05 23:00:00","2021-01-06 00:00:00","8147.75574"
"2021-01-05 22:00:00","2021-01-05 23:00:00","2021-01-06 00:00:00","2021-01-06 01:00:00","7832.076198"
"2021-01-05 23:00:00","2021-01-06 00:00:00","2021-01-06 01:00:00","2021-01-06 02:00:00","7650.710094"
"2021-01-06 00:00:00","2021-01-06 01:00:00","2021-01-06 02:00:00","2021-01-06 03:00:00","7618.226309"
"2021-01-06 01:00:00","2021-01-06 02:00:00","2021-01-06 03:00:00","2021-01-06 04:00:00","7598.466075"
"2021-01-06 02:00:00","2021-01-06 03:00:00","2021-01-06 04:00:00","2021-01-06 05:00:00","7597.237914"
"2021-01-06 03:00:00","2021-01-06 04:00:00","2021-01-06 05:00:00","2021-01-06 06:00:00","7647.767847"
"2021-01-06 04:00:00","2021-01-06 05:00:00","2021-01-06 06:00:00","2021-01-06 07:00:00","7794.004821"
"2021-01-06 05:00:00","2021-01-06 06:00:00","2021-01-06 07:00:00","2021-01-06 08:00:00","8070.907946"
"2021-01-06 06:00:00","2021-01-06 07:00:00","2021-01-06 08:00:00","2021-01-06 09:00:00","8153.020501"
"2021-01-06 07:00:00","2021-01-06 08:00:00","2021-01-06 09:00:00","2021-01-06 10:00:00","8536.383121"
"2021-01-06 08:00:00","2021-01-06 09:00:00","2021-01-06 10:00:00","2021-01-06 11:00:00","8726.631818"
"2021-01-06 09:00:00","2021-01-06 10:00:00","2021-01-06 11:00:00","2021-01-06 12:00:00","8801.855455"
"2021-01-06 10:00:00","2021-01-06 11:00:00","2021-01-06 12:00:00","2021-01-06 13:00:00","8815.260449"
"2021-01-06 11:00:00","2021-01-06 12:00:00","2021-01-06 13:00:00","2021-01-06 14:00:00","8740.306532"
"2021-01-06 12:00:00","2021-01-06 13:00:00","2021-01-06 14:00:00","2021-01-06 15:00:00","8832.542964"
"2021-01-06 13:00:00","2021-01-06 14:00:00","2021-01-06 15:00:00","2021-01-06 16:00:00","8912.490753"
"2021-01-06 14:00:00","2021-01-06 15:00:00","2021-01-06 16:00:00","2021-01-06 17:00:00","9063.002782"
"2021-01-06 15:00:00","2021-01-06 16:00:00","2021-01-06 17:00:00","2021-01-06 18:00:00","9121.7459"
"2021-01-06 16:00:00","2021-01-06 17:00:00","2021-01-06 18:00:00","2021-01-06 19:00:00","9130.498317"
"2021-01-06 17:00:00","2021-01-06 18:00:00","2021-01-06 19:00:00","2021-01-06 20:00:00","9021.404211"
"2021-01-06 18:00:00","2021-01-06 19:00:00","2021-01-06 20:00:00","2021-01-06 21:00:00","8768.093325"
"2021-01-06 19:00:00","2021-01-06 20:00:00","2021-01-06 21:00:00","2021-01-06 22:00:00","8632.301293"
"2021-01-06 20:00:00","2021-01-06 21:00:00","2021-01-06 22:00:00","2021-01-06 23:00:00","8373.038606"
"2021-01-06 21:00:00","2021-01-06 22:00:00","2021-01-06 23:00:00","2021-01-07 00:00:00","8217.858453"
"2021-01-06 22:00:00","2021-01-06 23:00:00","2021-01-07 00:00:00","2021-01-07 01:00:00","8037.688686"
"2021-01-06 23:00:00","2021-01-07 00:00:00","2021-01-07 01:00:00","2021-01-07 02:00:00","7992.889844"
"2021-01-07 00:00:00","2021-01-07 01:00:00","2021-01-07 02:00:00","2021-01-07 03:00:00","7922.464101"
"2021-01-07 01:00:00","2021-01-07 02:00:00","2021-01-07 03:00:00","2021-01-07 04:00:00","7910.160919"
"2021-01-07 02:00:00","2021-01-07 03:00:00","2021-01-07 04:00:00","2021-01-07 05:00:00","7924.558299"
"2021-01-07 03:00:00","2021-01-07 04:00:00","2021-01-07 05:00:00","2021-01-07 06:00:00","8075.116919"
"2021-01-07 04:00:00","2021-01-07 05:00:00","2021-01-07 06:00:00","2021-01-07 07:00:00","8456.984491"
"2021-01-07 05:00:00","2021-01-07 06:00:00","2021-01-07 07:00:00","2021-01-07 08:00:00","8874.321654"
"2021-01-07 06:00:00","2021-01-07 07:00:00","2021-01-07 08:00:00","2021-01-07 09:00:00","9218.408257"
"2021-01-07 07:00:00","2021-01-07 08:00:00","2021-01-07 09:00:00","2021-01-07 10:00:00","9474.329193"
"2021-01-07 08:00:00","2021-01-07 09:00:00","2021-01-07 10:00:00","2021-01-07 11:00:00","9428.502337"
"2021-01-07 09:00:00","2021-01-07 10:00:00","2021-01-07 11:00:00","2021-01-07 12:00:00","9443.95798"
"2021-01-07 10:00:00","2021-01-07 11:00:00","2021-01-07 12:00:00","2021-01-07 13:00:00","9423.456825"
"2021-01-07 11:00:00","2021-01-07 12:00:00","2021-01-07 13:00:00","2021-01-07 14:00:00","9377.267746"
"2021-01-07 12:00:00","2021-01-07 13:00:00","2021-01-07 14:00:00","2021-01-07 15:00:00","9365.438761"
"2021-01-07 13:00:00","2021-01-07 14:00:00","2021-01-07 15:00:00","2021-01-07 16:00:00","9360.524483"
"2021-01-07 14:00:00","2021-01-07 15:00:00","2021-01-07 16:00:00","2021-01-07 17:00:00","9379.446205"
"2021-01-07 15:00:00","2021-01-07 16:00:00","2021-01-07 17:00:00","2021-01-07 18:00:00","9368.053464"
"2021-01-07 16:00:00","2021-01-07 17:00:00","2021-01-07 18:00:00","2021-01-07 19:00:00","9520.620237"
"2021-01-07 17:00:00","2021-01-07 18:00:00","2021-01-07 19:00:00","2021-01-07 20:00:00","9506.372734"
"2021-01-07 18:00:00","2021-01-07 19:00:00","2021-01-07 20:00:00","2021-01-07 21:00:00","9387.904919"
"2021-01-07 19:00:00","2021-01-07 20:00:00","2021-01-07 21:00:00","2021-01-07 22:00:00","9065.668527"
"2021-01-07 20:00:00","2021-01-07 21:00:00","2021-01-07 22:00:00","2021-01-07 23:00:00","8846.280457"
"2021-01-07 21:00:00","2021-01-07 22:00:00","2021-01-07 23:00:00","2021-01-08 00:00:00","8614.514129"
"2021-01-07 22:00:00","2021-01-07 23:00:00","2021-01-08 00:00:00","2021-01-08 01:00:00","8301.808638"
"2021-01-07 23:00:00","2021-01-08 00:00:00","2021-01-08 01:00:00","2021-01-08 02:00:00","8011.067477"
"2021-01-08 00:00:00","2021-01-08 01:00:00","2021-01-08 02:00:00","2021-01-08 03:00:00","7969.920947"
"2021-01-08 01:00:00","2021-01-08 02:00:00","2021-01-08 03:00:00","2021-01-08 04:00:00","7983.684739"
"2021-01-08 02:00:00","2021-01-08 03:00:00","2021-01-08 04:00:00","2021-01-08 05:00:00","7946.385226"
"2021-01-08 03:00:00","2021-01-08 04:00:00","2021-01-08 05:00:00","2021-01-08 06:00:00","8169.393492"
"2021-01-08 04:00:00","2021-01-08 05:00:00","2021-01-08 06:00:00","2021-01-08 07:00:00","8265.891649"
"2021-01-08 05:00:00","2021-01-08 06:00:00","2021-01-08 07:00:00","2021-01-08 08:00:00","8633.961986"
"2021-01-08 06:00:00","2021-01-08 07:00:00","2021-01-08 08:00:00","2021-01-08 09:00:00","9098.745503"
"2021-01-08 07:00:00","2021-01-08 08:00:00","2021-01-08 09:00:00","2021-01-08 10:00:00","9460.411492"
"2021-01-08 08:00:00","2021-01-08 09:00:00","2021-01-08 10:00:00","2021-01-08 11:00:00","9513.613305"
"2021-01-08 09:00:00","2021-01-08 10:00:00","2021-01-08 11:00:00","2021-01-08 12:00:00","9382.716085"
"2021-01-08 10:00:00","2021-01-08 11:00:00","2021-01-08 12:00:00","2021-01-08 13:00:00","9343.584563"
"2021-01-08 11:00:00","2021-01-08 12:00:00","2021-01-08 13:00:00","2021-01-08 14:00:00","9231.700201"
"2021-01-08 12:00:00","2021-01-08 13:00:00","2021-01-08 14:00:00","2021-01-08 15:00:00","9216.055844"
"2021-01-08 13:00:00","2021-01-08 14:00:00","2021-01-08 15:00:00","2021-01-08 16:00:00","9088.1707"
"2021-01-08 14:00:00","2021-01-08 15:00:00","2021-01-08 16:00:00","2021-01-08 17:00:00","9203.141763"
"2021-01-08 15:00:00","2021-01-08 16:00:00","2021-01-08 17:00:00","2021-01-08 18:00:00","9351.298095"
"2021-01-08 16:00:00","2021-01-08 17:00:00","2021-01-08 18:00:00","2021-01-08 19:00:00","9439.318427"
"2021-01-08 17:00:00","2021-01-08 18:00:00","2021-01-08 19:00:00","2021-01-08 20:00:00","9357.823867"
"2021-01-08 18:00:00","2021-01-08 19:00:00","2021-01-08 20:00:00","2021-01-08 21:00:00","9232.976547"
"2021-01-08 19:00:00","2021-01-08 20:00:00","2021-01-08 21:00:00","2021-01-08 22:00:00","8970.372326"
"2021-01-08 20:00:00","2021-01-08 21:00:00","2021-01-08 22:00:00","2021-01-08 23:00:00","8756.84221"
"2021-01-08 21:00:00","2021-01-08 22:00:00","2021-01-08 23:00:00","2021-01-09 00:00:00","8355.002626"
"2021-01-08 22:00:00","2021-01-08 23:00:00","2021-01-09 00:00:00","2021-01-09 01:00:00","8074.429598"
"2021-01-08 23:00:00","2021-01-09 00:00:00","2021-01-09 01:00:00","2021-01-09 02:00:00","8018.243521"
"2021-01-09 00:00:00","2021-01-09 01:00:00","2021-01-09 02:00:00","2021-01-09 03:00:00","8034.518915"
"2021-01-09 01:00:00","2021-01-09 02:00:00","2021-01-09 03:00:00","2021-01-09 04:00:00","7949.57197"
"2021-01-09 02:00:00","2021-01-09 03:00:00","2021-01-09 04:00:00","2021-01-09 05:00:00","7918.570046"
"2021-01-09 03:00:00","2021-01-09 04:00:00","2021-01-09 05:00:00","2021-01-09 06:00:00","7963.423751"
"2021-01-09 04:00:00","2021-01-09 05:00:00","2021-01-09 06:00:00","2021-01-09 07:00:00","8059.731528"
"2021-01-09 05:00:00","2021-01-09 06:00:00","2021-01-09 07:00:00","2021-01-09 08:00:00","8323.856251"
"2021-01-09 06:00:00","2021-01-09 07:00:00","2021-01-09 08:00:00","2021-01-09 09:00:00","8556.673551"
"2021-01-09 07:00:00","2021-01-09 08:00:00","2021-01-09 09:00:00","2021-01-09 10:00:00","8902.599154"
"2021-01-09 08:00:00","2021-01-09 09:00:00","2021-01-09 10:00:00","2021-01-09 11:00:00","9229.05047"
"2021-01-09 09:00:00","2021-01-09 10:00:00","2021-01-09 11:00:00","2021-01-09 12:00:00","9279.039162"
"2021-01-09 10:00:00","2021-01-09 11:00:00","2021-01-09 12:00:00","2021-01-09 13:00:00","9226.399341"
"2021-01-09 11:00:00","2021-01-09 12:00:00","2021-01-09 13:00:00","2021-01-09 14:00:00","9222.824932"
"2021-01-09 12:00:00","2021-01-09 13:00:00","2021-01-09 14:00:00","2021-01-09 15:00:00","9175.605082"
"2021-01-09 13:00:00","2021-01-09 14:00:00","2021-01-09 15:00:00","2021-01-09 16:00:00","9153.102442"
"2021-01-09 14:00:00","2021-01-09 15:00:00","2021-01-09 16:00:00","2021-01-09 17:00:00","9201.283931"
"2021-01-09 15:00:00","2021-01-09 16:00:00","2021-01-09 17:00:00","2021-01-09 18:00:00","9461.901362"
"2021-01-09 16:00:00","2021-01-09 17:00:00","2021-01-09 18:00:00","2021-01-09 19:00:00","9630.4947"
"2021-01-09 17:00:00","2021-01-09 18:00:00","2021-01-09 19:00:00","2021-01-09 20:00:00","9653.879896"
"2021-01-09 18:00:00","2021-01-09 19:00:00","2021-01-09 20:00:00","2021-01-09 21:00:00","9544.423432"
"2021-01-09 19:00:00","2021-01-09 20:00:00","2021-01-09 21:00:00","2021-01-09 22:00:00","9206.811313"
"2021-01-09 20:00:00","2021-01-09 21:00:00","2021-01-09 22:00:00","2021-01-09 23:00:00","8972.477833"
"2021-01-09 21:00:00","2021-01-09 22:00:00","2021-01-09 23:00:00","2021-01-10 00:00:00","8996.359411"
"2021-01-09 22:00:00","2021-01-09 23:00:00","2021-01-10 00:00:00","2021-01-10 01:00:00","8790.343701"
"2021-01-09 23:00:00","2021-01-10 00:00:00","2021-01-10 01:00:00","2021-01-10 02:00:00","8841.034532"
"2021-01-10 00:00:00","2021-01-10 01:00:00","2021-01-10 02:00:00","2021-01-10 03:00:00","8940.845117"
"2021-01-10 01:00:00","2021-01-10 02:00:00","2021-01-10 03:00:00","2021-01-10 04:00:00","8910.184998"
"2021-01-10 02:00:00","2021-01-10 03:00:00","2021-01-10 04:00:00","2021-01-10 05:00:00","8886.530455"
"2021-01-10 03:00:00","2021-01-10 04:00:00","2021-01-10 05:00:00","2021-01-10 06:00:00","8869.290505"
"2021-01-10 04:00:00","2021-01-10 05:00:00","2021-01-10 06:00:00","2021-01-10 07:00:00","9040.423746"
"2021-01-10 05:00:00","2021-01-10 06:00:00","2021-01-10 07:00:00","2021-01-10 08:00:00","9374.729933"
"2021-01-10 06:00:00","2021-01-10 07:00:00","2021-01-10 08:00:00","2021-01-10 09:00:00","9577.45072"
"2021-01-10 07:00:00","2021-01-10 08:00:00","2021-01-10 09:00:00","2021-01-10 10:00:00","9703.360745"
"2021-01-10 08:00:00","2021-01-10 09:00:00","2021-01-10 10:00:00","2021-01-10 11:00:00","9606.583951"
"2021-01-10 09:00:00","2021-01-10 10:00:00","2021-01-10 11:00:00","2021-01-10 12:00:00","9816.464983"
"2021-01-10 10:00:00","2021-01-10 11:00:00","2021-01-10 12:00:00","2021-01-10 13:00:00","10027.018215"
"2021-01-10 11:00:00","2021-01-10 12:00:00","2021-01-10 13:00:00","2021-01-10 14:00:00","10167.121743"
"2021-01-10 12:00:00","2021-01-10 13:00:00","2021-01-10 14:00:00","2021-01-10 15:00:00","10078.539585"
"2021-01-10 13:00:00","2021-01-10 14:00:00","2021-01-10 15:00:00","2021-01-10 16:00:00","10219.965712"
"2021-01-10 14:00:00","2021-01-10 15:00:00","2021-01-10 16:00:00","2021-01-10 17:00:00","10311.492982"
"2021-01-10 15:00:00","2021-01-10 16:00:00","2021-01-10 17:00:00","2021-01-10 18:00:00","10528.246565"
"2021-01-10 16:00:00","2021-01-10 17:00:00","2021-01-10 18:00:00","2021-01-10 19:00:00","10657.683051"
"2021-01-10 17:00:00","2021-01-10 18:00:00","2021-01-10 19:00:00","2021-01-10 20:00:00","10625.132064"
"2021-01-10 18:00:00","2021-01-10 19:00:00","2021-01-10 20:00:00","2021-01-10 21:00:00","10310.875339"
"2021-01-10 19:00:00","2021-01-10 20:00:00","2021-01-10 21:00:00","2021-01-10 22:00:00","10056.840818"
"2021-01-10 20:00:00","2021-01-10 21:00:00","2021-01-10 22:00:00","2021-01-10 23:00:00","9919.466856"
"2021-01-10 21:00:00","2021-01-10 22:00:00","2021-01-10 23:00:00","2021-01-11 00:00:00","9708.493648"
"2021-01-10 22:00:00","2021-01-10 23:00:00","2021-01-11 00:00:00","2021-01-11 01:00:00","9433.245258"
"2021-01-10 23:00:00","2021-01-11 00:00:00","2021-01-11 01:00:00","2021-01-11 02:00:00","9184.624164"
"2021-01-11 00:00:00","2021-01-11 01:00:00","2021-01-11 02:00:00","2021-01-11 03:00:00","9064.160824"
"2021-01-11 01:00:00","2021-01-11 02:00:00","2021-01-11 03:00:00","2021-01-11 04:00:00","8922.148263"
"2021-01-11 02:00:00","2021-01-11 03:00:00","2021-01-11 04:00:00","2021-01-11 05:00:00","8920.008621"
"2021-01-11 03:00:00","2021-01-11 04:00:00","2021-01-11 05:00:00","2021-01-11 06:00:00","9150.52173"
"2021-01-11 04:00:00","2021-01-11 05:00:00","2021-01-11 06:00:00","2021-01-11 07:00:00","9381.103456"
"2021-01-11 05:00:00","2021-01-11 06:00:00","2021-01-11 07:00:00","2021-01-11 08:00:00","9849.569623"
"2021-01-11 06:00:00","2021-01-11 07:00:00","2021-01-11 08:00:00","2021-01-11 09:00:00","10194.761509"
"2021-01-11 07:00:00","2021-01-11 08:00:00","2021-01-11 09:00:00","2021-01-11 10:00:00","10315.883587"
"2021-01-11 08:00:00","2021-01-11 09:00:00","2021-01-11 10:00:00","2021-01-11 11:00:00","10290.682357"
"2021-01-11 09:00:00","2021-01-11 10:00:00","2021-01-11 11:00:00","2021-01-11 12:00:00","10192.407429"
"2021-01-11 10:00:00","2021-01-11 11:00:00","2021-01-11 12:00:00","2021-01-11 13:00:00","10224.079085"
"2021-01-11 11:00:00","2021-01-11 12:00:00","2021-01-11 13:00:00","2021-01-11 14:00:00","10052.831735"
"2021-01-11 12:00:00","2021-01-11 13:00:00","2021-01-11 14:00:00","2021-01-11 15:00:00","10051.220872"
"2021-01-11 13:00:00","2021-01-11 14:00:00","2021-01-11 15:00:00","2021-01-11 16:00:00","10160.893806"
"2021-01-11 14:00:00","2021-01-11 15:00:00","2021-01-11 16:00:00","2021-01-11 17:00:00","10335.519275"
"2021-01-11 15:00:00","2021-01-11 16:00:00","2021-01-11 17:00:00","2021-01-11 18:00:00","10499.956026"
"2021-01-11 16:00:00","2021-01-11 17:00:00","2021-01-11 18:00:00","2021-01-11 19:00:00","10675.448539"
"2021-01-11 17:00:00","2021-01-11 18:00:00","2021-01-11 19:00:00","2021-01-11 20:00:00","10728.978455"
"2021-01-11 18:00:00","2021-01-11 19:00:00","2021-01-11 20:00:00","2021-01-11 21:00:00","10475.601384"
"2021-01-11 19:00:00","2021-01-11 20:00:00","2021-01-11 21:00:00","2021-01-11 22:00:00","10125.198722"
"2021-01-11 20:00:00","2021-01-11 21:00:00","2021-01-11 22:00:00","2021-01-11 23:00:00","10043.529934"
"2021-01-11 21:00:00","2021-01-11 22:00:00","2021-01-11 23:00:00","2021-01-12 00:00:00","9997.997989"
"2021-01-11 22:00:00","2021-01-11 23:00:00","2021-01-12 00:00:00","2021-01-12 01:00:00","9662.847629"
"2021-01-11 23:00:00","2021-01-12 00:00:00","2021-01-12 01:00:00","2021-01-12 02:00:00","9462.340877"
"2021-01-12 00:00:00","2021-01-12 01:00:00","2021-01-12 02:00:00","2021-01-12 03:00:00","9459.76506"
"2021-01-12 01:00:00","2021-01-12 02:00:00","2021-01-12 03:00:00","2021-01-12 04:00:00","9449.220422"
"2021-01-12 02:00:00","2021-01-12 03:00:00","2021-01-12 04:00:00","2021-01-12 05:00:00","9590.508904"
"2021-01-12 03:00:00","2021-01-12 04:00:00","2021-01-12 05:00:00","2021-01-12 06:00:00","9728.393193"
"2021-01-12 04:00:00","2021-01-12 05:00:00","2021-01-12 06:00:00","2021-01-12 07:00:00","10129.414812"
"2021-01-12 05:00:00","2021-01-12 06:00:00","2021-01-12 07:00:00","2021-01-12 08:00:00","10575.57633"
"2021-01-12 06:00:00","2021-01-12 07:00:00","2021-01-12 08:00:00","2021-01-12 09:00:00","10985.259528"
"2021-01-12 07:00:00","2021-01-12 08:00:00","2021-01-12 09:00:00","2021-01-12 10:00:00","11167.842965"
"2021-01-12 08:00:00","2021-01-12 09:00:00","2021-01-12 10:00:00","2021-01-12 11:00:00","11207.147798"
"2021-01-12 09:00:00","2021-01-12 10:00:00","2021-01-12 11:00:00","2021-01-12 12:00:00","11216.388954"
"2021-01-12 10:00:00","2021-01-12 11:00:00","2021-01-12 12:00:00","2021-01-12 13:00:00","11133.74194"
"2021-01-12 11:00:00","2021-01-12 12:00:00","2021-01-12 13:00:00","2021-01-12 14:00:00","11013.605343"
"2021-01-12 12:00:00","2021-01-12 13:00:00","2021-01-12 14:00:00","2021-01-12 15:00:00","10846.963126"
"2021-01-12 13:00:00","2021-01-12 14:00:00","2021-01-12 15:00:00","2021-01-12 16:00:00","10732.540709"
"2021-01-12 14:00:00","2021-01-12 15:00:00","2021-01-12 16:00:00","2021-01-12 17:00:00","10867.666067"
"2021-01-12 15:00:00","2021-01-12 16:00:00","2021-01-12 17:00:00","2021-01-12 18:00:00","11349.670706"
"2021-01-12 16:00:00","2021-01-12 17:00:00","2021-01-12 18:00:00","2021-01-12 19:00:00","11425.088134"
"2021-01-12 17:00:00","2021-01-12 18:00:00","2021-01-12 19:00:00","2021-01-12 20:00:00","11437.739937"
"2021-01-12 18:00:00","2021-01-12 19:00:00","2021-01-12 20:00:00","2021-01-12 21:00:00","11014.282995"
"2021-01-12 19:00:00","2021-01-12 20:00:00","2021-01-12 21:00:00","2021-01-12 22:00:00","10708.737282"
"2021-01-12 20:00:00","2021-01-12 21:00:00","2021-01-12 22:00:00","2021-01-12 23:00:00","10453.700922"
"2021-01-12 21:00:00","2021-01-12 22:00:00","2021-01-12 23:00:00","2021-01-13 00:00:00","10172.933499"
"2021-01-12 22:00:00","2021-01-12 23:00:00","2021-01-13 00:00:00","2021-01-13 01:00:00","9981.656276"
"2021-01-12 23:00:00","2021-01-13 00:00:00","2021-01-13 01:00:00","2021-01-13 02:00:00","9603.56223"
"2021-01-13 00:00:00","2021-01-13 01:00:00","2021-01-13 02:00:00","2021-01-13 03:00:00","9544.995296"
"2021-01-13 01:00:00","2021-01-13 02:00:00","2021-01-13 03:00:00","2021-01-13 04:00:00","9447.348377"
"2021-01-13 02:00:00","2021-01-13 03:00:00","2021-01-13 04:00:00","2021-01-13 05:00:00","9410.080802"
"2021-01-13 03:00:00","2021-01-13 04:00:00","2021-01-13 05:00:00","2021-01-13 06:00:00","9502.524571"
"2021-01-13 04:00:00","2021-01-13 05:00:00","2021-01-13 06:00:00","2021-01-13 07:00:00","9948.026849"
"2021-01-13 05:00:00","2021-01-13 06:00:00","2021-01-13 07:00:00","2021-01-13 08:00:00","10244.868151"
"2021-01-13 06:00:00","2021-01-13 07:00:00","2021-01-13 08:00:00","2021-01-13 09:00:00","10511.737015"
"2021-01-13 07:00:00","2021-01-13 08:00:00","2021-01-13 09:00:00","2021-01-13 10:00:00","10655.950662"
"2021-01-13 08:00:00","2021-01-13 09:00:00","2021-01-13 10:00:00","2021-01-13 11:00:00","10502.997378"
"2021-01-13 09:00:00","2021-01-13 10:00:00","2021-01-13 11:00:00","2021-01-13 12:00:00","10633.924109"
"2021-01-13 10:00:00","2021-01-13 11:00:00","2021-01-13 12:00:00","2021-01-13 13:00:00","10549.724838"
"2021-01-13 11:00:00","2021-01-13 12:00:00","2021-01-13 13:00:00","2021-01-13 14:00:00","10378.798298"
"2021-01-13 12:00:00","2021-01-13 13:00:00","2021-01-13 14:00:00","2021-01-13 15:00:00","10382.844608"
"2021-01-13 13:00:00","2021-01-13 14:00:00","2021-01-13 15:00:00","2021-01-13 16:00:00","10593.62301"
"2021-01-13 14:00:00","2021-01-13 15:00:00","2021-01-13 16:00:00","2021-01-13 17:00:00","10619.494318"
"2021-01-13 15:00:00","2021-01-13 16:00:00","2021-01-13 17:00:00","2021-01-13 18:00:00","10519.644375"
"2021-01-13 16:00:00","2021-01-13 17:00:00","2021-01-13 18:00:00","2021-01-13 19:00:00","10584.314142"
"2021-01-13 17:00:00","2021-01-13 18:00:00","2021-01-13 19:00:00","2021-01-13 20:00:00","10530.988779"
"2021-01-13 18:00:00","2021-01-13 19:00:00","2021-01-13 20:00:00","2021-01-13 21:00:00","10106.116126"
"2021-01-13 19:00:00","2021-01-13 20:00:00","2021-01-13 21:00:00","2021-01-13 22:00:00","9624.113106"
"2021-01-13 20:00:00","2021-01-13 21:00:00","2021-01-13 22:00:00","2021-01-13 23:00:00","9533.980965"
"2021-01-13 21:00:00","2021-01-13 22:00:00","2021-01-13 23:00:00","2021-01-14 00:00:00","9224.326211"
"2021-01-13 22:00:00","2021-01-13 23:00:00","2021-01-14 00:00:00","2021-01-14 01:00:00","9006.505694"
"2021-01-13 23:00:00","2021-01-14 00:00:00","2021-01-14 01:00:00","2021-01-14 02:00:00","8923.963397"
"2021-01-14 00:00:00","2021-01-14 01:00:00","2021-01-14 02:00:00","2021-01-14 03:00:00","8809.936637"
"2021-01-14 01:00:00","2021-01-14 02:00:00","2021-01-14 03:00:00","2021-01-14 04:00:00","8768.898271"
"2021-01-14 02:00:00","2021-01-14 03:00:00","2021-01-14 04:00:00","2021-01-14 05:00:00","8735.280646"
"2021-01-14 03:00:00","2021-01-14 04:00:00","2021-01-14 05:00:00","2021-01-14 06:00:00","8865.256596"
"2021-01-14 04:00:00","2021-01-14 05:00:00","2021-01-14 06:00:00","2021-01-14 07:00:00","9266.000237"
"2021-01-14 05:00:00","2021-01-14 06:00:00","2021-01-14 07:00:00","2021-01-14 08:00:00","9537.273861"
"2021-01-14 06:00:00","2021-01-14 07:00:00","2021-01-14 08:00:00","2021-01-14 09:00:00","9682.097399"
"2021-01-14 07:00:00","2021-01-14 08:00:00","2021-01-14 09:00:00","2021-01-14 10:00:00","9744.950769"
"2021-01-14 08:00:00","2021-01-14 09:00:00","2021-01-14 10:00:00","2021-01-14 11:00:00","9759.101076"
"2021-01-14 09:00:00","2021-01-14 10:00:00","2021-01-14 11:00:00","2021-01-14 12:00:00","9620.170067"
"2021-01-14 10:00:00","2021-01-14 11:00:00","2021-01-14 12:00:00","2021-01-14 13:00:00","9536.192206"
"2021-01-14 11:00:00","2021-01-14 12:00:00","2021-01-14 13:00:00","2021-01-14 14:00:00","9554.492524"
"2021-01-14 12:00:00","2021-01-14 13:00:00","2021-01-14 14:00:00","2021-01-14 15:00:00","9472.287919"
"2021-01-14 13:00:00","2021-01-14 14:00:00","2021-01-14 15:00:00","2021-01-14 16:00:00","9525.597303"
"2021-01-14 14:00:00","2021-01-14 15:00:00","2021-01-14 16:00:00","2021-01-14 17:00:00","9588.342522"
"2021-01-14 15:00:00","2021-01-14 16:00:00","2021-01-14 17:00:00","2021-01-14 18:00:00","9671.309721"
"2021-01-14 16:00:00","2021-01-14 17:00:00","2021-01-14 18:00:00","2021-01-14 19:00:00","9665.798769"
"2021-01-14 17:00:00","2021-01-14 18:00:00","2021-01-14 19:00:00","2021-01-14 20:00:00","9732.836405"
"2021-01-14 18:00:00","2021-01-14 19:00:00","2021-01-14 20:00:00","2021-01-14 21:00:00","9584.090121"
"2021-01-14 19:00:00","2021-01-14 20:00:00","2021-01-14 21:00:00","2021-01-14 22:00:00","9399.509529"
"2021-01-14 20:00:00","2021-01-14 21:00:00","2021-01-14 22:00:00","2021-01-14 23:00:00","8996.256807"
"2021-01-14 21:00:00","2021-01-14 22:00:00","2021-01-14 23:00:00","2021-01-15 00:00:00","8923.248755"
"2021-01-14 22:00:00","2021-01-14 23:00:00","2021-01-15 00:00:00","2021-01-15 01:00:00","8706.812569"
"2021-01-14 23:00:00","2021-01-15 00:00:00","2021-01-15 01:00:00","2021-01-15 02:00:00","8585.933285"
"2021-01-15 00:00:00","2021-01-15 01:00:00","2021-01-15 02:00:00","2021-01-15 03:00:00","8571.530775"
"2021-01-15 01:00:00","2021-01-15 02:00:00","2021-01-15 03:00:00","2021-01-15 04:00:00","8550.743638"
"2021-01-15 02:00:00","2021-01-15 03:00:00","2021-01-15 04:00:00","2021-01-15 05:00:00","8521.079867"
"2021-01-15 03:00:00","2021-01-15 04:00:00","2021-01-15 05:00:00","2021-01-15 06:00:00","8683.67654"
"2021-01-15 04:00:00","2021-01-15 05:00:00","2021-01-15 06:00:00","2021-01-15 07:00:00","9210.229738"
"2021-01-15 05:00:00","2021-01-15 06:00:00","2021-01-15 07:00:00","2021-01-15 08:00:00","9408.656195"
"2021-01-15 06:00:00","2021-01-15 07:00:00","2021-01-15 08:00:00","2021-01-15 09:00:00","9654.479166"
"2021-01-15 07:00:00","2021-01-15 08:00:00","2021-01-15 09:00:00","2021-01-15 10:00:00","9791.495292"
"2021-01-15 08:00:00","2021-01-15 09:00:00","2021-01-15 10:00:00","2021-01-15 11:00:00","9808.433463"
"2021-01-15 09:00:00","2021-01-15 10:00:00","2021-01-15 11:00:00","2021-01-15 12:00:00","9758.907199"
"2021-01-15 10:00:00","2021-01-15 11:00:00","2021-01-15 12:00:00","2021-01-15 13:00:00","9727.640499"
"2021-01-15 11:00:00","2021-01-15 12:00:00","2021-01-15 13:00:00","2021-01-15 14:00:00","9735.863836"
"2021-01-15 12:00:00","2021-01-15 13:00:00","2021-01-15 14:00:00","2021-01-15 15:00:00","9561.625153"
"2021-01-15 13:00:00","2021-01-15 14:00:00","2021-01-15 15:00:00","2021-01-15 16:00:00","9616.616185"
"2021-01-15 14:00:00","2021-01-15 15:00:00","2021-01-15 16:00:00","2021-01-15 17:00:00","9659.580078"
"2021-01-15 15:00:00","2021-01-15 16:00:00","2021-01-15 17:00:00","2021-01-15 18:00:00","9842.217701"
"2021-01-15 16:00:00","2021-01-15 17:00:00","2021-01-15 18:00:00","2021-01-15 19:00:00","9814.288713"
"2021-01-15 17:00:00","2021-01-15 18:00:00","2021-01-15 19:00:00","2021-01-15 20:00:00","9766.233223"
"2021-01-15 18:00:00","2021-01-15 19:00:00","2021-01-15 20:00:00","2021-01-15 21:00:00","9669.288297"
"2021-01-15 19:00:00","2021-01-15 20:00:00","2021-01-15 21:00:00","2021-01-15 22:00:00","9646.125035"
"2021-01-15 20:00:00","2021-01-15 21:00:00","2021-01-15 22:00:00","2021-01-15 23:00:00","9607.298984"
"2021-01-15 21:00:00","2021-01-15 22:00:00","2021-01-15 23:00:00","2021-01-16 00:00:00","9581.374962"
"2021-01-15 22:00:00","2021-01-15 23:00:00","2021-01-16 00:00:00","2021-01-16 01:00:00","9364.520178"
"2021-01-15 23:00:00","2021-01-16 00:00:00","2021-01-16 01:00:00","2021-01-16 02:00:00","9073.538572"
"2021-01-16 00:00:00","2021-01-16 01:00:00","2021-01-16 02:00:00","2021-01-16 03:00:00","8818.730348"
"2021-01-16 01:00:00","2021-01-16 02:00:00","2021-01-16 03:00:00","2021-01-16 04:00:00","8673.496704"
"2021-01-16 02:00:00","2021-01-16 03:00:00","2021-01-16 04:00:00","2021-01-16 05:00:00","8572.30602"
"2021-01-16 03:00:00","2021-01-16 04:00:00","2021-01-16 05:00:00","2021-01-16 06:00:00","8464.502473"
"2021-01-16 04:00:00","2021-01-16 05:00:00","2021-01-16 06:00:00","2021-01-16 07:00:00","8523.665398"
"2021-01-16 05:00:00","2021-01-16 06:00:00","2021-01-16 07:00:00","2021-01-16 08:00:00","8543.014934"
"2021-01-16 06:00:00","2021-01-16 07:00:00","2021-01-16 08:00:00","2021-01-16 09:00:00","8879.66513"
"2021-01-16 07:00:00","2021-01-16 08:00:00","2021-01-16 09:00:00","2021-01-16 10:00:00","9331.821268"
"2021-01-16 08:00:00","2021-01-16 09:00:00","2021-01-16 10:00:00","2021-01-16 11:00:00","9360.206664"
"2021-01-16 09:00:00","2021-01-16 10:00:00","2021-01-16 11:00:00","2021-01-16 12:00:00","9383.198881"
"2021-01-16 10:00:00","2021-01-16 11:00:00","2021-01-16 12:00:00","2021-01-16 13:00:00","9404.573363"
"2021-01-16 11:00:00","2021-01-16 12:00:00","2021-01-16 13:00:00","2021-01-16 14:00:00","9317.534635"
"2021-01-16 12:00:00","2021-01-16 13:00:00","2021-01-16 14:00:00","2021-01-16 15:00:00","9177.751388"
"2021-01-16 13:00:00","2021-01-16 14:00:00","2021-01-16 15:00:00","2021-01-16 16:00:00","9087.542757"
"2021-01-16 14:00:00","2021-01-16 15:00:00","2021-01-16 16:00:00","2021-01-16 17:00:00","9319.837837"
"2021-01-16 15:00:00","2021-01-16 16:00:00","2021-01-16 17:00:00","2021-01-16 18:00:00","9403.105097"
"2021-01-16 16:00:00","2021-01-16 17:00:00","2021-01-16 18:00:00","2021-01-16 19:00:00","9497.341041"
"2021-01-16 17:00:00","2021-01-16 18:00:00","2021-01-16 19:00:00","2021-01-16 20:00:00","9444.552939"
"2021-01-16 18:00:00","2021-01-16 19:00:00","2021-01-16 20:00:00","2021-01-16 21:00:00","9263.317241"
"2021-01-16 19:00:00","2021-01-16 20:00:00","2021-01-16 21:00:00","2021-01-16 22:00:00","8998.580775"
"2021-01-16 20:00:00","2021-01-16 21:00:00","2021-01-16 22:00:00","2021-01-16 23:00:00","8828.26372"
"2021-01-16 21:00:00","2021-01-16 22:00:00","2021-01-16 23:00:00","2021-01-17 00:00:00","8674.522208"
"2021-01-16 22:00:00","2021-01-16 23:00:00","2021-01-17 00:00:00","2021-01-17 01:00:00","8370.686867"
"2021-01-16 23:00:00","2021-01-17 00:00:00","2021-01-17 01:00:00","2021-01-17 02:00:00","8193.700497"
"2021-01-17 00:00:00","2021-01-17 01:00:00","2021-01-17 02:00:00","2021-01-17 03:00:00","8236.810758"
"2021-01-17 01:00:00","2021-01-17 02:00:00","2021-01-17 03:00:00","2021-01-17 04:00:00","8240.152871"
"2021-01-17 02:00:00","2021-01-17 03:00:00","2021-01-17 04:00:00","2021-01-17 05:00:00","8336.796785"
"2021-01-17 03:00:00","2021-01-17 04:00:00","2021-01-17 05:00:00","2021-01-17 06:00:00","8169.866221"
"2021-01-17 04:00:00","2021-01-17 05:00:00","2021-01-17 06:00:00","2021-01-17 07:00:00","8226.432881"
"2021-01-17 05:00:00","2021-01-17 06:00:00","2021-01-17 07:00:00","2021-01-17 08:00:00","8331.23934"
"2021-01-17 06:00:00","2021-01-17 07:00:00","2021-01-17 08:00:00","2021-01-17 09:00:00","8438.800766"
"2021-01-17 07:00:00","2021-01-17 08:00:00","2021-01-17 09:00:00","2021-01-17 10:00:00","8650.356572"
"2021-01-17 08:00:00","2021-01-17 09:00:00","2021-01-17 10:00:00","2021-01-17 11:00:00","8910.651342"
"2021-01-17 09:00:00","2021-01-17 10:00:00","2021-01-17 11:00:00","2021-01-17 12:00:00","9172.358638"
"2021-01-17 10:00:00","2021-01-17 11:00:00","2021-01-17 12:00:00","2021-01-17 13:00:00","9244.529892"
"2021-01-17 11:00:00","2021-01-17 12:00:00","2021-01-17 13:00:00","2021-01-17 14:00:00","9100.925042"
"2021-01-17 12:00:00","2021-01-17 13:00:00","2021-01-17 14:00:00","2021-01-17 15:00:00","9055.061207"
"2021-01-17 13:00:00","2021-01-17 14:00:00","2021-01-17 15:00:00","2021-01-17 16:00:00","8859.172042"
"2021-01-17 14:00:00","2021-01-17 15:00:00","2021-01-17 16:00:00","2021-01-17 17:00:00","9055.172618"
"2021-01-17 15:00:00","2021-01-17 16:00:00","2021-01-17 17:00:00","2021-01-17 18:00:00","9299.452922"
"2021-01-17 16:00:00","2021-01-17 17:00:00","2021-01-17 18:00:00","2021-01-17 19:00:00","9474.669994"
"2021-01-17 17:00:00","2021-01-17 18:00:00","2021-01-17 19:00:00","2021-01-17 20:00:00","9583.441"
"2021-01-17 18:00:00","2021-01-17 19:00:00","2021-01-17 20:00:00","2021-01-17 21:00:00","9592.700829"
"2021-01-17 19:00:00","2021-01-17 20:00:00","2021-01-17 21:00:00","2021-01-17 22:00:00","9385.035972"
"2021-01-17 20:00:00","2021-01-17 21:00:00","2021-01-17 22:00:00","2021-01-17 23:00:00","9115.189889"
"2021-01-17 21:00:00","2021-01-17 22:00:00","2021-01-17 23:00:00","2021-01-18 00:00:00","8887.476576"
"2021-01-17 22:00:00","2021-01-17 23:00:00","2021-01-18 00:00:00","2021-01-18 01:00:00","8592.572706"
"2021-01-17 23:00:00","2021-01-18 00:00:00","2021-01-18 01:00:00","2021-01-18 02:00:00","8530.680782"
"2021-01-18 00:00:00","2021-01-18 01:00:00","2021-01-18 02:00:00","2021-01-18 03:00:00","8408.768804"
"2021-01-18 01:00:00","2021-01-18 02:00:00","2021-01-18 03:00:00","2021-01-18 04:00:00","8408.969078"
"2021-01-18 02:00:00","2021-01-18 03:00:00","2021-01-18 04:00:00","2021-01-18 05:00:00","8446.765484"
"2021-01-18 03:00:00","2021-01-18 04:00:00","2021-01-18 05:00:00","2021-01-18 06:00:00","8763.539931"
"2021-01-18 04:00:00","2021-01-18 05:00:00","2021-01-18 06:00:00","2021-01-18 07:00:00","9358.91827"
"2021-01-18 05:00:00","2021-01-18 06:00:00","2021-01-18 07:00:00","2021-01-18 08:00:00","9783.647053"
"2021-01-18 06:00:00","2021-01-18 07:00:00","2021-01-18 08:00:00","2021-01-18 09:00:00","9952.368233"
"2021-01-18 07:00:00","2021-01-18 08:00:00","2021-01-18 09:00:00","2021-01-18 10:00:00","10189.902478"
"2021-01-18 08:00:00","2021-01-18 09:00:00","2021-01-18 10:00:00","2021-01-18 11:00:00","10182.578538"
"2021-01-18 09:00:00","2021-01-18 10:00:00","2021-01-18 11:00:00","2021-01-18 12:00:00","10151.893913"
"2021-01-18 10:00:00","2021-01-18 11:00:00","2021-01-18 12:00:00","2021-01-18 13:00:00","10106.759222"
"2021-01-18 11:00:00","2021-01-18 12:00:00","2021-01-18 13:00:00","2021-01-18 14:00:00","9944.936841"
"2021-01-18 12:00:00","2021-01-18 13:00:00","2021-01-18 14:00:00","2021-01-18 15:00:00","9809.560598"
"2021-01-18 13:00:00","2021-01-18 14:00:00","2021-01-18 15:00:00","2021-01-18 16:00:00","9587.723166"
"2021-01-18 14:00:00","2021-01-18 15:00:00","2021-01-18 16:00:00","2021-01-18 17:00:00","9687.801469"
"2021-01-18 15:00:00","2021-01-18 16:00:00","2021-01-18 17:00:00","2021-01-18 18:00:00","9823.427405"
"2021-01-18 16:00:00","2021-01-18 17:00:00","2021-01-18 18:00:00","2021-01-18 19:00:00","9910.589343"
"2021-01-18 17:00:00","2021-01-18 18:00:00","2021-01-18 19:00:00","2021-01-18 20:00:00","9715.352162"
"2021-01-18 18:00:00","2021-01-18 19:00:00","2021-01-18 20:00:00","2021-01-18 21:00:00","9354.16483"
"2021-01-18 19:00:00","2021-01-18 20:00:00","2021-01-18 21:00:00","2021-01-18 22:00:00","8743.154451"
"2021-01-18 20:00:00","2021-01-18 21:00:00","2021-01-18 22:00:00","2021-01-18 23:00:00","8526.528611"
"2021-01-18 21:00:00","2021-01-18 22:00:00","2021-01-18 23:00:00","2021-01-19 00:00:00","8233.398075"
"2021-01-18 22:00:00","2021-01-18 23:00:00","2021-01-19 00:00:00","2021-01-19 01:00:00","7902.754672"
"2021-01-18 23:00:00","2021-01-19 00:00:00","2021-01-19 01:00:00","2021-01-19 02:00:00","7832.64688"
"2021-01-19 00:00:00","2021-01-19 01:00:00","2021-01-19 02:00:00","2021-01-19 03:00:00","7804.636009"
"2021-01-19 01:00:00","2021-01-19 02:00:00","2021-01-19 03:00:00","2021-01-19 04:00:00","7652.232104"
"2021-01-19 02:00:00","2021-01-19 03:00:00","2021-01-19 04:00:00","2021-01-19 05:00:00","7648.462437"
"2021-01-19 03:00:00","2021-01-19 04:00:00","2021-01-19 05:00:00","2021-01-19 06:00:00","7974.723203"
"2021-01-19 04:00:00","2021-01-19 05:00:00","2021-01-19 06:00:00","2021-01-19 07:00:00","8821.684727"
"2021-01-19 05:00:00","2021-01-19 06:00:00","2021-01-19 07:00:00","2021-01-19 08:00:00","9114.847382"
"2021-01-19 06:00:00","2021-01-19 07:00:00","2021-01-19 08:00:00","2021-01-19 09:00:00","9390.631019"
"2021-01-19 07:00:00","2021-01-19 08:00:00","2021-01-19 09:00:00","2021-01-19 10:00:00","9498.409259"
"2021-01-19 08:00:00","2021-01-19 09:00:00","2021-01-19 10:00:00","2021-01-19 11:00:00","9466.452803"
"2021-01-19 09:00:00","2021-01-19 10:00:00","2021-01-19 11:00:00","2021-01-19 12:00:00","9344.226046"
"2021-01-19 10:00:00","2021-01-19 11:00:00","2021-01-19 12:00:00","2021-01-19 13:00:00","9341.578317"
"2021-01-19 11:00:00","2021-01-19 12:00:00","2021-01-19 13:00:00","2021-01-19 14:00:00","9371.580854"
"2021-01-19 12:00:00","2021-01-19 13:00:00","2021-01-19 14:00:00","2021-01-19 15:00:00","9179.207386"
"2021-01-19 13:00:00","2021-01-19 14:00:00","2021-01-19 15:00:00","2021-01-19 16:00:00","9014.62031"
"2021-01-19 14:00:00","2021-01-19 15:00:00","2021-01-19 16:00:00","2021-01-19 17:00:00","9045.9943"
"2021-01-19 15:00:00","2021-01-19 16:00:00","2021-01-19 17:00:00","2021-01-19 18:00:00","9221.986599"
"2021-01-19 16:00:00","2021-01-19 17:00:00","2021-01-19 18:00:00","2021-01-19 19:00:00","9350.472236"
"2021-01-19 17:00:00","2021-01-19 18:00:00","2021-01-19 19:00:00","2021-01-19 20:00:00","9376.388792"
"2021-01-19 18:00:00","2021-01-19 19:00:00","2021-01-19 20:00:00","2021-01-19 21:00:00","9039.256739"
"2021-01-19 19:00:00","2021-01-19 20:00:00","2021-01-19 21:00:00","2021-01-19 22:00:00","8668.619425"
"2021-01-19 20:00:00","2021-01-19 21:00:00","2021-01-19 22:00:00","2021-01-19 23:00:00","8469.777359"
"2021-01-19 21:00:00","2021-01-19 22:00:00","2021-01-19 23:00:00","2021-01-20 00:00:00","8268.010802"
"2021-01-19 22:00:00","2021-01-19 23:00:00","2021-01-20 00:00:00","2021-01-20 01:00:00","8050.396766"
"2021-01-19 23:00:00","2021-01-20 00:00:00","2021-01-20 01:00:00","2021-01-20 02:00:00","8007.600266"
"2021-01-20 00:00:00","2021-01-20 01:00:00","2021-01-20 02:00:00","2021-01-20 03:00:00","7954.788496"
"2021-01-20 01:00:00","2021-01-20 02:00:00","2021-01-20 03:00:00","2021-01-20 04:00:00","8032.065643"
"2021-01-20 02:00:00","2021-01-20 03:00:00","2021-01-20 04:00:00","2021-01-20 05:00:00","8047.958167"
"2021-01-20 03:00:00","2021-01-20 04:00:00","2021-01-20 05:00:00","2021-01-20 06:00:00","8428.412621"
"2021-01-20 04:00:00","2021-01-20 05:00:00","2021-01-20 06:00:00","2021-01-20 07:00:00","9193.860061"
"2021-01-20 05:00:00","2021-01-20 06:00:00","2021-01-20 07:00:00","2021-01-20 08:00:00","9856.308853"
"2021-01-20 06:00:00","2021-01-20 07:00:00","2021-01-20 08:00:00","2021-01-20 09:00:00","10024.68376"
"2021-01-20 07:00:00","2021-01-20 08:00:00","2021-01-20 09:00:00","2021-01-20 10:00:00","10255.716535"
"2021-01-20 08:00:00","2021-01-20 09:00:00","2021-01-20 10:00:00","2021-01-20 11:00:00","10194.730052"
"2021-01-20 09:00:00","2021-01-20 10:00:00","2021-01-20 11:00:00","2021-01-20 12:00:00","10013.185998"
"2021-01-20 10:00:00","2021-01-20 11:00:00","2021-01-20 12:00:00","2021-01-20 13:00:00","9960.957137"
"2021-01-20 11:00:00","2021-01-20 12:00:00","2021-01-20 13:00:00","2021-01-20 14:00:00","9889.842728"
"2021-01-20 12:00:00","2021-01-20 13:00:00","2021-01-20 14:00:00","2021-01-20 15:00:00","9763.981923"
"2021-01-20 13:00:00","2021-01-20 14:00:00","2021-01-20 15:00:00","2021-01-20 16:00:00","9793.53992"
"2021-01-20 14:00:00","2021-01-20 15:00:00","2021-01-20 16:00:00","2021-01-20 17:00:00","9949.578984"
"2021-01-20 15:00:00","2021-01-20 16:00:00","2021-01-20 17:00:00","2021-01-20 18:00:00","10117.062512"
"2021-01-20 16:00:00","2021-01-20 17:00:00","2021-01-20 18:00:00","2021-01-20 19:00:00","10173.462651"
"2021-01-20 17:00:00","2021-01-20 18:00:00","2021-01-20 19:00:00","2021-01-20 20:00:00","10185.077077"
"2021-01-20 18:00:00","2021-01-20 19:00:00","2021-01-20 20:00:00","2021-01-20 21:00:00","9895.174895"
"2021-01-20 19:00:00","2021-01-20 20:00:00","2021-01-20 21:00:00","2021-01-20 22:00:00","9490.585434"
"2021-01-20 20:00:00","2021-01-20 21:00:00","2021-01-20 22:00:00","2021-01-20 23:00:00","9196.196984"
"2021-01-20 21:00:00","2021-01-20 22:00:00","2021-01-20 23:00:00","2021-01-21 00:00:00","8921.771911"
"2021-01-20 22:00:00","2021-01-20 23:00:00","2021-01-21 00:00:00","2021-01-21 01:00:00","8731.014403"
"2021-01-20 23:00:00","2021-01-21 00:00:00","2021-01-21 01:00:00","2021-01-21 02:00:00","8691.122971"
"2021-01-21 00:00:00","2021-01-21 01:00:00","2021-01-21 02:00:00","2021-01-21 03:00:00","8697.163894"
"2021-01-21 01:00:00","2021-01-21 02:00:00","2021-01-21 03:00:00","2021-01-21 04:00:00","8773.626134"
"2021-01-21 02:00:00","2021-01-21 03:00:00","2021-01-21 04:00:00","2021-01-21 05:00:00","8921.330214"
"2021-01-21 03:00:00","2021-01-21 04:00:00","2021-01-21 05:00:00","2021-01-21 06:00:00","9080.940161"
"2021-01-21 04:00:00","2021-01-21 05:00:00","2021-01-21 06:00:00","2021-01-21 07:00:00","9690.702117"
"2021-01-21 05:00:00","2021-01-21 06:00:00","2021-01-21 07:00:00","2021-01-21 08:00:00","10352.186762"
"2021-01-21 06:00:00","2021-01-21 07:00:00","2021-01-21 08:00:00","2021-01-21 09:00:00","10598.534231"
"2021-01-21 07:00:00","2021-01-21 08:00:00","2021-01-21 09:00:00","2021-01-21 10:00:00","10636.036861"
"2021-01-21 08:00:00","2021-01-21 09:00:00","2021-01-21 10:00:00","2021-01-21 11:00:00","10608.557952"
"2021-01-21 09:00:00","2021-01-21 10:00:00","2021-01-21 11:00:00","2021-01-21 12:00:00","10591.843857"
"2021-01-21 10:00:00","2021-01-21 11:00:00","2021-01-21 12:00:00","2021-01-21 13:00:00","10613.441559"
"2021-01-21 11:00:00","2021-01-21 12:00:00","2021-01-21 13:00:00","2021-01-21 14:00:00","10601.409969"
"2021-01-21 12:00:00","2021-01-21 13:00:00","2021-01-21 14:00:00","2021-01-21 15:00:00","10639.142618"
"2021-01-21 13:00:00","2021-01-21 14:00:00","2021-01-21 15:00:00","2021-01-21 16:00:00","10570.217152"
"2021-01-21 14:00:00","2021-01-21 15:00:00","2021-01-21 16:00:00","2021-01-21 17:00:00","10734.995996"
"2021-01-21 15:00:00","2021-01-21 16:00:00","2021-01-21 17:00:00","2021-01-21 18:00:00","10740.536465"
"2021-01-21 16:00:00","2021-01-21 17:00:00","2021-01-21 18:00:00","2021-01-21 19:00:00","10854.537808"
"2021-01-21 17:00:00","2021-01-21 18:00:00","2021-01-21 19:00:00","2021-01-21 20:00:00","10792.778962"
"2021-01-21 18:00:00","2021-01-21 19:00:00","2021-01-21 20:00:00","2021-01-21 21:00:00","10543.056627"
"2021-01-21 19:00:00","2021-01-21 20:00:00","2021-01-21 21:00:00","2021-01-21 22:00:00","10384.168647"
"2021-01-21 20:00:00","2021-01-21 21:00:00","2021-01-21 22:00:00","2021-01-21 23:00:00","9980.595728"
"2021-01-21 21:00:00","2021-01-21 22:00:00","2021-01-21 23:00:00","2021-01-22 00:00:00","9860.920984"
"2021-01-21 22:00:00","2021-01-21 23:00:00","2021-01-22 00:00:00","2021-01-22 01:00:00","9591.472116"
"2021-01-21 23:00:00","2021-01-22 00:00:00","2021-01-22 01:00:00","2021-01-22 02:00:00","9206.176507"
"2021-01-22 00:00:00","2021-01-22 01:00:00","2021-01-22 02:00:00","2021-01-22 03:00:00","8956.167182"
"2021-01-22 01:00:00","2021-01-22 02:00:00","2021-01-22 03:00:00","2021-01-22 04:00:00","8852.4689"
"2021-01-22 02:00:00","2021-01-22 03:00:00","2021-01-22 04:00:00","2021-01-22 05:00:00","8928.145066"
"2021-01-22 03:00:00","2021-01-22 04:00:00","2021-01-22 05:00:00","2021-01-22 06:00:00","9157.287229"
"2021-01-22 04:00:00","2021-01-22 05:00:00","2021-01-22 06:00:00","2021-01-22 07:00:00","9316.890939"
"2021-01-22 05:00:00","2021-01-22 06:00:00","2021-01-22 07:00:00","2021-01-22 08:00:00","9955.089434"
"2021-01-22 06:00:00","2021-01-22 07:00:00","2021-01-22 08:00:00","2021-01-22 09:00:00","10252.869567"
"2021-01-22 07:00:00","2021-01-22 08:00:00","2021-01-22 09:00:00","2021-01-22 10:00:00","10308.288138"
"2021-01-22 08:00:00","2021-01-22 09:00:00","2021-01-22 10:00:00","2021-01-22 11:00:00","10333.142086"
"2021-01-22 09:00:00","2021-01-22 10:00:00","2021-01-22 11:00:00","2021-01-22 12:00:00","10273.399985"
"2021-01-22 10:00:00","2021-01-22 11:00:00","2021-01-22 12:00:00","2021-01-22 13:00:00","10251.126737"
"2021-01-22 11:00:00","2021-01-22 12:00:00","2021-01-22 13:00:00","2021-01-22 14:00:00","10200.64801"
"2021-01-22 12:00:00","2021-01-22 13:00:00","2021-01-22 14:00:00","2021-01-22 15:00:00","10165.835381"
"2021-01-22 13:00:00","2021-01-22 14:00:00","2021-01-22 15:00:00","2021-01-22 16:00:00","10142.486305"
"2021-01-22 14:00:00","2021-01-22 15:00:00","2021-01-22 16:00:00","2021-01-22 17:00:00","10215.898684"
"2021-01-22 15:00:00","2021-01-22 16:00:00","2021-01-22 17:00:00","2021-01-22 18:00:00","10507.117018"
"2021-01-22 16:00:00","2021-01-22 17:00:00","2021-01-22 18:00:00","2021-01-22 19:00:00","10515.796635"
"2021-01-22 17:00:00","2021-01-22 18:00:00","2021-01-22 19:00:00","2021-01-22 20:00:00","10410.706639"
"2021-01-22 18:00:00","2021-01-22 19:00:00","2021-01-22 20:00:00","2021-01-22 21:00:00","10083.271076"
"2021-01-22 19:00:00","2021-01-22 20:00:00","2021-01-22 21:00:00","2021-01-22 22:00:00","9597.861258"
"2021-01-22 20:00:00","2021-01-22 21:00:00","2021-01-22 22:00:00","2021-01-22 23:00:00","9375.192384"
"2021-01-22 21:00:00","2021-01-22 22:00:00","2021-01-22 23:00:00","2021-01-23 00:00:00","9494.482807"
"2021-01-22 22:00:00","2021-01-22 23:00:00","2021-01-23 00:00:00","2021-01-23 01:00:00","9290.712949"
"2021-01-22 23:00:00","2021-01-23 00:00:00","2021-01-23 01:00:00","2021-01-23 02:00:00","9082.632995"
"2021-01-23 00:00:00","2021-01-23 01:00:00","2021-01-23 02:00:00","2021-01-23 03:00:00","9073.636685"
"2021-01-23 01:00:00","2021-01-23 02:00:00","2021-01-23 03:00:00","2021-01-23 04:00:00","9132.887436"
"2021-01-23 02:00:00","2021-01-23 03:00:00","2021-01-23 04:00:00","2021-01-23 05:00:00","9105.402549"
"2021-01-23 03:00:00","2021-01-23 04:00:00","2021-01-23 05:00:00","2021-01-23 06:00:00","9119.091158"
"2021-01-23 04:00:00","2021-01-23 05:00:00","2021-01-23 06:00:00","2021-01-23 07:00:00","9393.271841"
"2021-01-23 05:00:00","2021-01-23 06:00:00","2021-01-23 07:00:00","2021-01-23 08:00:00","9316.089705"
"2021-01-23 06:00:00","2021-01-23 07:00:00","2021-01-23 08:00:00","2021-01-23 09:00:00","9496.698398"
"2021-01-23 07:00:00","2021-01-23 08:00:00","2021-01-23 09:00:00","2021-01-23 10:00:00","9602.875373"
"2021-01-23 08:00:00","2021-01-23 09:00:00","2021-01-23 10:00:00","2021-01-23 11:00:00","9746.53721"
"2021-01-23 09:00:00","2021-01-23 10:00:00","2021-01-23 11:00:00","2021-01-23 12:00:00","9774.519894"
"2021-01-23 10:00:00","2021-01-23 11:00:00","2021-01-23 12:00:00","2021-01-23 13:00:00","9741.949052"
"2021-01-23 11:00:00","2021-01-23 12:00:00","2021-01-23 13:00:00","2021-01-23 14:00:00","9747.13887"
"2021-01-23 12:00:00","2021-01-23 13:00:00","2021-01-23 14:00:00","2021-01-23 15:00:00","9744.044176"
"2021-01-23 13:00:00","2021-01-23 14:00:00","2021-01-23 15:00:00","2021-01-23 16:00:00","9738.303286"
"2021-01-23 14:00:00","2021-01-23 15:00:00","2021-01-23 16:00:00","2021-01-23 17:00:00","9803.418705"
"2021-01-23 15:00:00","2021-01-23 16:00:00","2021-01-23 17:00:00","2021-01-23 18:00:00","10119.524523"
"2021-01-23 16:00:00","2021-01-23 17:00:00","2021-01-23 18:00:00","2021-01-23 19:00:00","10158.605669"
"2021-01-23 17:00:00","2021-01-23 18:00:00","2021-01-23 19:00:00","2021-01-23 20:00:00","10097.65596"
"2021-01-23 18:00:00","2021-01-23 19:00:00","2021-01-23 20:00:00","2021-01-23 21:00:00","9826.810986"
"2021-01-23 19:00:00","2021-01-23 20:00:00","2021-01-23 21:00:00","2021-01-23 22:00:00","9652.232877"
"2021-01-23 20:00:00","2021-01-23 21:00:00","2021-01-23 22:00:00","2021-01-23 23:00:00","9450.813699"
"2021-01-23 21:00:00","2021-01-23 22:00:00","2021-01-23 23:00:00","2021-01-24 00:00:00","9114.464063"
"2021-01-23 22:00:00","2021-01-23 23:00:00","2021-01-24 00:00:00","2021-01-24 01:00:00","8867.043237"
"2021-01-23 23:00:00","2021-01-24 00:00:00","2021-01-24 01:00:00","2021-01-24 02:00:00","8700.609785"
"2021-01-24 00:00:00","2021-01-24 01:00:00","2021-01-24 02:00:00","2021-01-24 03:00:00","8515.591861"
"2021-01-24 01:00:00","2021-01-24 02:00:00","2021-01-24 03:00:00","2021-01-24 04:00:00","8366.381797"
"2021-01-24 02:00:00","2021-01-24 03:00:00","2021-01-24 04:00:00","2021-01-24 05:00:00","8175.881894"
"2021-01-24 03:00:00","2021-01-24 04:00:00","2021-01-24 05:00:00","2021-01-24 06:00:00","8135.795009"
"2021-01-24 04:00:00","2021-01-24 05:00:00","2021-01-24 06:00:00","2021-01-24 07:00:00","8280.812202"
"2021-01-24 05:00:00","2021-01-24 06:00:00","2021-01-24 07:00:00","2021-01-24 08:00:00","8327.092262"
"2021-01-24 06:00:00","2021-01-24 07:00:00","2021-01-24 08:00:00","2021-01-24 09:00:00","8436.930875"
"2021-01-24 07:00:00","2021-01-24 08:00:00","2021-01-24 09:00:00","2021-01-24 10:00:00","8459.034972"
"2021-01-24 08:00:00","2021-01-24 09:00:00","2021-01-24 10:00:00","2021-01-24 11:00:00","8534.726071"
"2021-01-24 09:00:00","2021-01-24 10:00:00","2021-01-24 11:00:00","2021-01-24 12:00:00","8613.3308"
"2021-01-24 10:00:00","2021-01-24 11:00:00","2021-01-24 12:00:00","2021-01-24 13:00:00","8729.668315"
"2021-01-24 11:00:00","2021-01-24 12:00:00","2021-01-24 13:00:00","2021-01-24 14:00:00","8679.621379"
"2021-01-24 12:00:00","2021-01-24 13:00:00","2021-01-24 14:00:00","2021-01-24 15:00:00","8521.471637"
"2021-01-24 13:00:00","2021-01-24 14:00:00","2021-01-24 15:00:00","2021-01-24 16:00:00","8551.780576"
"2021-01-24 14:00:00","2021-01-24 15:00:00","2021-01-24 16:00:00","2021-01-24 17:00:00","8580.428726"
"2021-01-24 15:00:00","2021-01-24 16:00:00","2021-01-24 17:00:00","2021-01-24 18:00:00","8779.374666"
"2021-01-24 16:00:00","2021-01-24 17:00:00","2021-01-24 18:00:00","2021-01-24 19:00:00","8942.970103"
"2021-01-24 17:00:00","2021-01-24 18:00:00","2021-01-24 19:00:00","2021-01-24 20:00:00","8949.018177"
"2021-01-24 18:00:00","2021-01-24 19:00:00","2021-01-24 20:00:00","2021-01-24 21:00:00","8948.013583"
"2021-01-24 19:00:00","2021-01-24 20:00:00","2021-01-24 21:00:00","2021-01-24 22:00:00","8804.55346"
"2021-01-24 20:00:00","2021-01-24 21:00:00","2021-01-24 22:00:00","2021-01-24 23:00:00","8598.391313"
"2021-01-24 21:00:00","2021-01-24 22:00:00","2021-01-24 23:00:00","2021-01-25 00:00:00","8524.068723"
"2021-01-24 22:00:00","2021-01-24 23:00:00","2021-01-25 00:00:00","2021-01-25 01:00:00","8222.74893"
"2021-01-24 23:00:00","2021-01-25 00:00:00","2021-01-25 01:00:00","2021-01-25 02:00:00","8089.628356"
"2021-01-25 00:00:00","2021-01-25 01:00:00","2021-01-25 02:00:00","2021-01-25 03:00:00","7958.15775"
"2021-01-25 01:00:00","2021-01-25 02:00:00","2021-01-25 03:00:00","2021-01-25 04:00:00","8104.713099"
"2021-01-25 02:00:00","2021-01-25 03:00:00","2021-01-25 04:00:00","2021-01-25 05:00:00","8187.521111"
"2021-01-25 03:00:00","2021-01-25 04:00:00","2021-01-25 05:00:00","2021-01-25 06:00:00","8422.793119"
"2021-01-25 04:00:00","2021-01-25 05:00:00","2021-01-25 06:00:00","2021-01-25 07:00:00","8825.963461"
"2021-01-25 05:00:00","2021-01-25 06:00:00","2021-01-25 07:00:00","2021-01-25 08:00:00","9430.964164"
"2021-01-25 06:00:00","2021-01-25 07:00:00","2021-01-25 08:00:00","2021-01-25 09:00:00","9945.174884"
"2021-01-25 07:00:00","2021-01-25 08:00:00","2021-01-25 09:00:00","2021-01-25 10:00:00","10108.253942"
"2021-01-25 08:00:00","2021-01-25 09:00:00","2021-01-25 10:00:00","2021-01-25 11:00:00","10110.49377"
"2021-01-25 09:00:00","2021-01-25 10:00:00","2021-01-25 11:00:00","2021-01-25 12:00:00","10074.822799"
"2021-01-25 10:00:00","2021-01-25 11:00:00","2021-01-25 12:00:00","2021-01-25 13:00:00","10017.108228"
"2021-01-25 11:00:00","2021-01-25 12:00:00","2021-01-25 13:00:00","2021-01-25 14:00:00","10060.003515"
"2021-01-25 12:00:00","2021-01-25 13:00:00","2021-01-25 14:00:00","2021-01-25 15:00:00","10098.411638"
"2021-01-25 13:00:00","2021-01-25 14:00:00","2021-01-25 15:00:00","2021-01-25 16:00:00","10090.625162"
"2021-01-25 14:00:00","2021-01-25 15:00:00","2021-01-25 16:00:00","2021-01-25 17:00:00","9971.667544"
"2021-01-25 15:00:00","2021-01-25 16:00:00","2021-01-25 17:00:00","2021-01-25 18:00:00","9952.568053"
"2021-01-25 16:00:00","2021-01-25 17:00:00","2021-01-25 18:00:00","2021-01-25 19:00:00","9976.672159"
"2021-01-25 17:00:00","2021-01-25 18:00:00","2021-01-25 19:00:00","2021-01-25 20:00:00","9938.770177"
"2021-01-25 18:00:00","2021-01-25 19:00:00","2021-01-25 20:00:00","2021-01-25 21:00:00","9743.002005"
"2021-01-25 19:00:00","2021-01-25 20:00:00","2021-01-25 21:00:00","2021-01-25 22:00:00","9461.743219"
"2021-01-25 20:00:00","2021-01-25 21:00:00","2021-01-25 22:00:00","2021-01-25 23:00:00","9051.644226"
"2021-01-25 21:00:00","2021-01-25 22:00:00","2021-01-25 23:00:00","2021-01-26 00:00:00","8737.221051"
"2021-01-25 22:00:00","2021-01-25 23:00:00","2021-01-26 00:00:00","2021-01-26 01:00:00","8379.949801"
"2021-01-25 23:00:00","2021-01-26 00:00:00","2021-01-26 01:00:00","2021-01-26 02:00:00","8284.70739"
"2021-01-26 00:00:00","2021-01-26 01:00:00","2021-01-26 02:00:00","2021-01-26 03:00:00","8172.380903"
"2021-01-26 01:00:00","2021-01-26 02:00:00","2021-01-26 03:00:00","2021-01-26 04:00:00","8073.666323"
"2021-01-26 02:00:00","2021-01-26 03:00:00","2021-01-26 04:00:00","2021-01-26 05:00:00","8038.06234"
"2021-01-26 03:00:00","2021-01-26 04:00:00","2021-01-26 05:00:00","2021-01-26 06:00:00","8229.939162"
"2021-01-26 04:00:00","2021-01-26 05:00:00","2021-01-26 06:00:00","2021-01-26 07:00:00","8658.638484"
"2021-01-26 05:00:00","2021-01-26 06:00:00","2021-01-26 07:00:00","2021-01-26 08:00:00","8983.71002"
"2021-01-26 06:00:00","2021-01-26 07:00:00","2021-01-26 08:00:00","2021-01-26 09:00:00","9290.470674"
"2021-01-26 07:00:00","2021-01-26 08:00:00","2021-01-26 09:00:00","2021-01-26 10:00:00","9404.780301"
"2021-01-26 08:00:00","2021-01-26 09:00:00","2021-01-26 10:00:00","2021-01-26 11:00:00","9363.408259"
"2021-01-26 09:00:00","2021-01-26 10:00:00","2021-01-26 11:00:00","2021-01-26 12:00:00","9265.024675"
"2021-01-26 10:00:00","2021-01-26 11:00:00","2021-01-26 12:00:00","2021-01-26 13:00:00","9199.57823"
"2021-01-26 11:00:00","2021-01-26 12:00:00","2021-01-26 13:00:00","2021-01-26 14:00:00","9201.07137"
"2021-01-26 12:00:00","2021-01-26 13:00:00","2021-01-26 14:00:00","2021-01-26 15:00:00","9105.459736"
"2021-01-26 13:00:00","2021-01-26 14:00:00","2021-01-26 15:00:00","2021-01-26 16:00:00","9236.291442"
"2021-01-26 14:00:00","2021-01-26 15:00:00","2021-01-26 16:00:00","2021-01-26 17:00:00","9376.977397"
"2021-01-26 15:00:00","2021-01-26 16:00:00","2021-01-26 17:00:00","2021-01-26 18:00:00","9498.400635"
"2021-01-26 16:00:00","2021-01-26 17:00:00","2021-01-26 18:00:00","2021-01-26 19:00:00","9601.405453"
"2021-01-26 17:00:00","2021-01-26 18:00:00","2021-01-26 19:00:00","2021-01-26 20:00:00","9561.1895"
"2021-01-26 18:00:00","2021-01-26 19:00:00","2021-01-26 20:00:00","2021-01-26 21:00:00","9400.10256"
"2021-01-26 19:00:00","2021-01-26 20:00:00","2021-01-26 21:00:00","2021-01-26 22:00:00","9146.764263"
"2021-01-26 20:00:00","2021-01-26 21:00:00","2021-01-26 22:00:00","2021-01-26 23:00:00","8928.288992"
"2021-01-26 21:00:00","2021-01-26 22:00:00","2021-01-26 23:00:00","2021-01-27 00:00:00","8630.090531"
"2021-01-26 22:00:00","2021-01-26 23:00:00","2021-01-27 00:00:00","2021-01-27 01:00:00","8412.991765"
"2021-01-26 23:00:00","2021-01-27 00:00:00","2021-01-27 01:00:00","2021-01-27 02:00:00","8150.730818"
"2021-01-27 00:00:00","2021-01-27 01:00:00","2021-01-27 02:00:00","2021-01-27 03:00:00","8131.79425"
"2021-01-27 01:00:00","2021-01-27 02:00:00","2021-01-27 03:00:00","2021-01-27 04:00:00","8188.192327"
"2021-01-27 02:00:00","2021-01-27 03:00:00","2021-01-27 04:00:00","2021-01-27 05:00:00","8237.675345"
"2021-01-27 03:00:00","2021-01-27 04:00:00","2021-01-27 05:00:00","2021-01-27 06:00:00","8313.81125"
"2021-01-27 04:00:00","2021-01-27 05:00:00","2021-01-27 06:00:00","2021-01-27 07:00:00","8684.79497"
"2021-01-27 05:00:00","2021-01-27 06:00:00","2021-01-27 07:00:00","2021-01-27 08:00:00","9159.002492"
"2021-01-27 06:00:00","2021-01-27 07:00:00","2021-01-27 08:00:00","2021-01-27 09:00:00","9511.002226"
"2021-01-27 07:00:00","2021-01-27 08:00:00","2021-01-27 09:00:00","2021-01-27 10:00:00","9727.711235"
"2021-01-27 08:00:00","2021-01-27 09:00:00","2021-01-27 10:00:00","2021-01-27 11:00:00","9820.978415"
"2021-01-27 09:00:00","2021-01-27 10:00:00","2021-01-27 11:00:00","2021-01-27 12:00:00","9768.851544"
"2021-01-27 10:00:00","2021-01-27 11:00:00","2021-01-27 12:00:00","2021-01-27 13:00:00","9654.804873"
"2021-01-27 11:00:00","2021-01-27 12:00:00","2021-01-27 13:00:00","2021-01-27 14:00:00","9544.527155"
"2021-01-27 12:00:00","2021-01-27 13:00:00","2021-01-27 14:00:00","2021-01-27 15:00:00","9569.122367"
"2021-01-27 13:00:00","2021-01-27 14:00:00","2021-01-27 15:00:00","2021-01-27 16:00:00","9635.980105"
"2021-01-27 14:00:00","2021-01-27 15:00:00","2021-01-27 16:00:00","2021-01-27 17:00:00","9632.922322"
"2021-01-27 15:00:00","2021-01-27 16:00:00","2021-01-27 17:00:00","2021-01-27 18:00:00","9795.713049"
"2021-01-27 16:00:00","2021-01-27 17:00:00","2021-01-27 18:00:00","2021-01-27 19:00:00","9944.75952"
"2021-01-27 17:00:00","2021-01-27 18:00:00","2021-01-27 19:00:00","2021-01-27 20:00:00","9929.112012"
"2021-01-27 18:00:00","2021-01-27 19:00:00","2021-01-27 20:00:00","2021-01-27 21:00:00","9778.325399"
"2021-01-27 19:00:00","2021-01-27 20:00:00","2021-01-27 21:00:00","2021-01-27 22:00:00","9615.604493"
"2021-01-27 20:00:00","2021-01-27 21:00:00","2021-01-27 22:00:00","2021-01-27 23:00:00","9402.688372"
"2021-01-27 21:00:00","2021-01-27 22:00:00","2021-01-27 23:00:00","2021-01-28 00:00:00","9079.805624"
"2021-01-27 22:00:00","2021-01-27 23:00:00","2021-01-28 00:00:00","2021-01-28 01:00:00","8678.570396"
"2021-01-27 23:00:00","2021-01-28 00:00:00","2021-01-28 01:00:00","2021-01-28 02:00:00","8242.374208"
"2021-01-28 00:00:00","2021-01-28 01:00:00","2021-01-28 02:00:00","2021-01-28 03:00:00","8210.075787"
"2021-01-28 01:00:00","2021-01-28 02:00:00","2021-01-28 03:00:00","2021-01-28 04:00:00","8169.283936"
"2021-01-28 02:00:00","2021-01-28 03:00:00","2021-01-28 04:00:00","2021-01-28 05:00:00","8164.774196"
"2021-01-28 03:00:00","2021-01-28 04:00:00","2021-01-28 05:00:00","2021-01-28 06:00:00","8299.133855"
"2021-01-28 04:00:00","2021-01-28 05:00:00","2021-01-28 06:00:00","2021-01-28 07:00:00","8731.279698"
"2021-01-28 05:00:00","2021-01-28 06:00:00","2021-01-28 07:00:00","2021-01-28 08:00:00","9162.016068"
"2021-01-28 06:00:00","2021-01-28 07:00:00","2021-01-28 08:00:00","2021-01-28 09:00:00","9553.938293"
"2021-01-28 07:00:00","2021-01-28 08:00:00","2021-01-28 09:00:00","2021-01-28 10:00:00","9673.999804"
"2021-01-28 08:00:00","2021-01-28 09:00:00","2021-01-28 10:00:00","2021-01-28 11:00:00","9638.746604"
"2021-01-28 09:00:00","2021-01-28 10:00:00","2021-01-28 11:00:00","2021-01-28 12:00:00","9628.908007"
"2021-01-28 10:00:00","2021-01-28 11:00:00","2021-01-28 12:00:00","2021-01-28 13:00:00","9581.552189"
"2021-01-28 11:00:00","2021-01-28 12:00:00","2021-01-28 13:00:00","2021-01-28 14:00:00","9651.150973"
"2021-01-28 12:00:00","2021-01-28 13:00:00","2021-01-28 14:00:00","2021-01-28 15:00:00","9456.561265"
"2021-01-28 13:00:00","2021-01-28 14:00:00","2021-01-28 15:00:00","2021-01-28 16:00:00","9402.995464"
"2021-01-28 14:00:00","2021-01-28 15:00:00","2021-01-28 16:00:00","2021-01-28 17:00:00","9508.674924"
"2021-01-28 15:00:00","2021-01-28 16:00:00","2021-01-28 17:00:00","2021-01-28 18:00:00","9626.466676"
"2021-01-28 16:00:00","2021-01-28 17:00:00","2021-01-28 18:00:00","2021-01-28 19:00:00","9841.205986"
"2021-01-28 17:00:00","2021-01-28 18:00:00","2021-01-28 19:00:00","2021-01-28 20:00:00","9667.606846"
"2021-01-28 18:00:00","2021-01-28 19:00:00","2021-01-28 20:00:00","2021-01-28 21:00:00","9554.06692"
"2021-01-28 19:00:00","2021-01-28 20:00:00","2021-01-28 21:00:00","2021-01-28 22:00:00","9350.423826"
"2021-01-28 20:00:00","2021-01-28 21:00:00","2021-01-28 22:00:00","2021-01-28 23:00:00","9036.279232"
"2021-01-28 21:00:00","2021-01-28 22:00:00","2021-01-28 23:00:00","2021-01-29 00:00:00","8782.699855"
"2021-01-28 22:00:00","2021-01-28 23:00:00","2021-01-29 00:00:00","2021-01-29 01:00:00","8534.223292"
"2021-01-28 23:00:00","2021-01-29 00:00:00","2021-01-29 01:00:00","2021-01-29 02:00:00","8228.154"
"2021-01-29 00:00:00","2021-01-29 01:00:00","2021-01-29 02:00:00","2021-01-29 03:00:00","8113.077428"
"2021-01-29 01:00:00","2021-01-29 02:00:00","2021-01-29 03:00:00","2021-01-29 04:00:00","8177.501833"
"2021-01-29 02:00:00","2021-01-29 03:00:00","2021-01-29 04:00:00","2021-01-29 05:00:00","8261.95246"
"2021-01-29 03:00:00","2021-01-29 04:00:00","2021-01-29 05:00:00","2021-01-29 06:00:00","8418.685775"
"2021-01-29 04:00:00","2021-01-29 05:00:00","2021-01-29 06:00:00","2021-01-29 07:00:00","8961.253122"
"2021-01-29 05:00:00","2021-01-29 06:00:00","2021-01-29 07:00:00","2021-01-29 08:00:00","9494.18496"
"2021-01-29 06:00:00","2021-01-29 07:00:00","2021-01-29 08:00:00","2021-01-29 09:00:00","9903.429303"
"2021-01-29 07:00:00","2021-01-29 08:00:00","2021-01-29 09:00:00","2021-01-29 10:00:00","10018.312323"
"2021-01-29 08:00:00","2021-01-29 09:00:00","2021-01-29 10:00:00","2021-01-29 11:00:00","10067.052523"
"2021-01-29 09:00:00","2021-01-29 10:00:00","2021-01-29 11:00:00","2021-01-29 12:00:00","9963.841862"
"2021-01-29 10:00:00","2021-01-29 11:00:00","2021-01-29 12:00:00","2021-01-29 13:00:00","9842.199093"
"2021-01-29 11:00:00","2021-01-29 12:00:00","2021-01-29 13:00:00","2021-01-29 14:00:00","9830.157328"
"2021-01-29 12:00:00","2021-01-29 13:00:00","2021-01-29 14:00:00","2021-01-29 15:00:00","9889.320548"
"2021-01-29 13:00:00","2021-01-29 14:00:00","2021-01-29 15:00:00","2021-01-29 16:00:00","9816.128442"
"2021-01-29 14:00:00","2021-01-29 15:00:00","2021-01-29 16:00:00","2021-01-29 17:00:00","9902.285831"
"2021-01-29 15:00:00","2021-01-29 16:00:00","2021-01-29 17:00:00","2021-01-29 18:00:00","10048.24094"
"2021-01-29 16:00:00","2021-01-29 17:00:00","2021-01-29 18:00:00","2021-01-29 19:00:00","10177.255983"
"2021-01-29 17:00:00","2021-01-29 18:00:00","2021-01-29 19:00:00","2021-01-29 20:00:00","10145.651343"
"2021-01-29 18:00:00","2021-01-29 19:00:00","2021-01-29 20:00:00","2021-01-29 21:00:00","9888.339953"
"2021-01-29 19:00:00","2021-01-29 20:00:00","2021-01-29 21:00:00","2021-01-29 22:00:00","9642.52877"
"2021-01-29 20:00:00","2021-01-29 21:00:00","2021-01-29 22:00:00","2021-01-29 23:00:00","9349.557718"
"2021-01-29 21:00:00","2021-01-29 22:00:00","2021-01-29 23:00:00","2021-01-30 00:00:00","9162.15437"
"2021-01-29 22:00:00","2021-01-29 23:00:00","2021-01-30 00:00:00","2021-01-30 01:00:00","9000.538698"
"2021-01-29 23:00:00","2021-01-30 00:00:00","2021-01-30 01:00:00","2021-01-30 02:00:00","9039.121934"
"2021-01-30 00:00:00","2021-01-30 01:00:00","2021-01-30 02:00:00","2021-01-30 03:00:00","8995.6963"
"2021-01-30 01:00:00","2021-01-30 02:00:00","2021-01-30 03:00:00","2021-01-30 04:00:00","9087.134302"
"2021-01-30 02:00:00","2021-01-30 03:00:00","2021-01-30 04:00:00","2021-01-30 05:00:00","9062.28703"
"2021-01-30 03:00:00","2021-01-30 04:00:00","2021-01-30 05:00:00","2021-01-30 06:00:00","9117.001025"
"2021-01-30 04:00:00","2021-01-30 05:00:00","2021-01-30 06:00:00","2021-01-30 07:00:00","9260.595879"
"2021-01-30 05:00:00","2021-01-30 06:00:00","2021-01-30 07:00:00","2021-01-30 08:00:00","9435.048729"
"2021-01-30 06:00:00","2021-01-30 07:00:00","2021-01-30 08:00:00","2021-01-30 09:00:00","9679.90394"
"2021-01-30 07:00:00","2021-01-30 08:00:00","2021-01-30 09:00:00","2021-01-30 10:00:00","9848.072238"
"2021-01-30 08:00:00","2021-01-30 09:00:00","2021-01-30 10:00:00","2021-01-30 11:00:00","9987.529661"
"2021-01-30 09:00:00","2021-01-30 10:00:00","2021-01-30 11:00:00","2021-01-30 12:00:00","9916.325745"
"2021-01-30 10:00:00","2021-01-30 11:00:00","2021-01-30 12:00:00","2021-01-30 13:00:00","9859.02637"
"2021-01-30 11:00:00","2021-01-30 12:00:00","2021-01-30 13:00:00","2021-01-30 14:00:00","9804.569257"
"2021-01-30 12:00:00","2021-01-30 13:00:00","2021-01-30 14:00:00","2021-01-30 15:00:00","9673.379655"
"2021-01-30 13:00:00","2021-01-30 14:00:00","2021-01-30 15:00:00","2021-01-30 16:00:00","9551.130887"
"2021-01-30 14:00:00","2021-01-30 15:00:00","2021-01-30 16:00:00","2021-01-30 17:00:00","9658.037079"
"2021-01-30 15:00:00","2021-01-30 16:00:00","2021-01-30 17:00:00","2021-01-30 18:00:00","9761.589047"
"2021-01-30 16:00:00","2021-01-30 17:00:00","2021-01-30 18:00:00","2021-01-30 19:00:00","9818.627196"
"2021-01-30 17:00:00","2021-01-30 18:00:00","2021-01-30 19:00:00","2021-01-30 20:00:00","9834.552899"
"2021-01-30 18:00:00","2021-01-30 19:00:00","2021-01-30 20:00:00","2021-01-30 21:00:00","9642.798765"
"2021-01-30 19:00:00","2021-01-30 20:00:00","2021-01-30 21:00:00","2021-01-30 22:00:00","9398.153469"
"2021-01-30 20:00:00","2021-01-30 21:00:00","2021-01-30 22:00:00","2021-01-30 23:00:00","9007.033644"
"2021-01-30 21:00:00","2021-01-30 22:00:00","2021-01-30 23:00:00","2021-01-31 00:00:00","8565.27417"
"2021-01-30 22:00:00","2021-01-30 23:00:00","2021-01-31 00:00:00","2021-01-31 01:00:00","8352.78525"
"2021-01-30 23:00:00","2021-01-31 00:00:00","2021-01-31 01:00:00","2021-01-31 02:00:00","8251.416927"
"2021-01-31 00:00:00","2021-01-31 01:00:00","2021-01-31 02:00:00","2021-01-31 03:00:00","8115.721026"
"2021-01-31 01:00:00","2021-01-31 02:00:00","2021-01-31 03:00:00","2021-01-31 04:00:00","8046.833902"
"2021-01-31 02:00:00","2021-01-31 03:00:00","2021-01-31 04:00:00","2021-01-31 05:00:00","8030.157904"
"2021-01-31 03:00:00","2021-01-31 04:00:00","2021-01-31 05:00:00","2021-01-31 06:00:00","8053.118463"
"2021-01-31 04:00:00","2021-01-31 05:00:00","2021-01-31 06:00:00","2021-01-31 07:00:00","8142.97083"
"2021-01-31 05:00:00","2021-01-31 06:00:00","2021-01-31 07:00:00","2021-01-31 08:00:00","8328.364906"
"2021-01-31 06:00:00","2021-01-31 07:00:00","2021-01-31 08:00:00","2021-01-31 09:00:00","8378.022841"
"2021-01-31 07:00:00","2021-01-31 08:00:00","2021-01-31 09:00:00","2021-01-31 10:00:00","8445.678361"
"2021-01-31 08:00:00","2021-01-31 09:00:00","2021-01-31 10:00:00","2021-01-31 11:00:00","8660.531514"
"2021-01-31 09:00:00","2021-01-31 10:00:00","2021-01-31 11:00:00","2021-01-31 12:00:00","8777.513163"
"2021-01-31 10:00:00","2021-01-31 11:00:00","2021-01-31 12:00:00","2021-01-31 13:00:00","8843.639605"
"2021-01-31 11:00:00","2021-01-31 12:00:00","2021-01-31 13:00:00","2021-01-31 14:00:00","8723.612388"
"2021-01-31 12:00:00","2021-01-31 13:00:00","2021-01-31 14:00:00","2021-01-31 15:00:00","8573.024886"
"2021-01-31 13:00:00","2021-01-31 14:00:00","2021-01-31 15:00:00","2021-01-31 16:00:00","8514.595297"
"2021-01-31 14:00:00","2021-01-31 15:00:00","2021-01-31 16:00:00","2021-01-31 17:00:00","8738.674719"
"2021-01-31 15:00:00","2021-01-31 16:00:00","2021-01-31 17:00:00","2021-01-31 18:00:00","8994.417105"
"2021-01-31 16:00:00","2021-01-31 17:00:00","2021-01-31 18:00:00","2021-01-31 19:00:00","9255.210113"
"2021-01-31 17:00:00","2021-01-31 18:00:00","2021-01-31 19:00:00","2021-01-31 20:00:00","9293.88245"
"2021-01-31 18:00:00","2021-01-31 19:00:00","2021-01-31 20:00:00","2021-01-31 21:00:00","9141.597304"
"2021-01-31 19:00:00","2021-01-31 20:00:00","2021-01-31 21:00:00","2021-01-31 22:00:00","8875.312811"
"2021-01-31 20:00:00","2021-01-31 21:00:00","2021-01-31 22:00:00","2021-01-31 23:00:00","8490.29074"
"2021-01-31 21:00:00","2021-01-31 22:00:00","2021-01-31 23:00:00","2021-02-01 00:00:00","8467.728929"
